도로명주소,위도,경도,전월세구분,전용면적(㎡),계약년월,보증금(만원),월세(만원),층,건축년도,동구분
인천광역시 연수구 송도동 송도문화로28번길 28,37.3770832,126.6558312,전세,49.32,202209,"        18,900",             0,3,2013,송도동
인천광역시 연수구 송도동 송도문화로28번길 28,37.3770832,126.6558312,전세,46.13,202209,"        18,100",             0,4,2013,송도동
인천광역시 연수구 송도동 송도문화로28번길 28,37.3770832,126.6558312,전세,39.95,202209,"        16,800",             0,21,2013,송도동
인천광역시 연수구 송도동 송도문화로28번길 28,37.3770832,126.6558312,월세,49.32,202209,"         2,000",            90,4,2013,송도동
인천광역시 연수구 송도동 송도문화로28번길 28,37.3770832,126.6558312,전세,46.32,202209,"        22,000",             0,18,2013,송도동
인천광역시 연수구 송도동 송도문화로28번길 28,37.3770832,126.6558312,전세,24.25,202209,"        14,000",             0,7,2013,송도동
인천광역시 연수구 송도동 송도문화로28번길 28,37.3770832,126.6558312,월세,46.32,202209,"         2,000",            90,30,2013,송도동
인천광역시 연수구 송도동 송도문화로28번길 28,37.3770832,126.6558312,전세,24.25,202209,"        14,000",             0,10,2013,송도동
인천광역시 연수구 송도동 송도문화로28번길 28,37.3770832,126.6558312,전세,39.95,202209,"        16,275",             0,3,2013,송도동
인천광역시 연수구 송도동 송도과학로28번길 8,37.38246176,126.6606641,전세,59.52,202209,"        26,250",             0,16,2020,송도동
인천광역시 연수구 송도동 송도과학로28번길 8,37.38246176,126.6606641,전세,27.74,202209,"        15,750",             0,7,2020,송도동
인천광역시 연수구 송도동 송도과학로28번길 8,37.38246176,126.6606641,월세,59.04,202209,"         1,500",            95,11,2020,송도동
인천광역시 연수구 송도동 송도과학로28번길 8,37.38246176,126.6606641,전세,59.15,202209,"        28,350",             0,21,2020,송도동
인천광역시 연수구 송도동 송도과학로28번길 8,37.38246176,126.6606641,전세,27.06,202209,"        16,000",             0,13,2020,송도동
인천광역시 연수구 송도동 송도과학로28번길 8,37.38246176,126.6606641,월세,31.95,202209,           500,            61,10,2020,송도동
인천광역시 연수구 송도동 송도과학로28번길 8,37.38246176,126.6606641,월세,27.43,202209,"         1,000",            73,13,2020,송도동
인천광역시 연수구 송도동 송도과학로28번길 8,37.38246176,126.6606641,월세,27.74,202209,           500,            55,13,2020,송도동
인천광역시 연수구 송도동 송도과학로28번길 8,37.38246176,126.6606641,월세,27.43,202209,           500,            58,11,2020,송도동
인천광역시 연수구 송도동 송도과학로28번길 8,37.38246176,126.6606641,월세,59.04,202209,"         1,000",           105,13,2020,송도동
인천광역시 연수구 송도동 송도과학로28번길 8,37.38246176,126.6606641,전세,31.95,202209,"        15,200",             0,9,2020,송도동
인천광역시 연수구 송도동 송도과학로28번길 8,37.38246176,126.6606641,전세,59.88,202209,"        26,250",             0,4,2020,송도동
인천광역시 연수구 송도동 송도과학로28번길 8,37.38246176,126.6606641,전세,31.95,202209,"        19,000",             0,6,2020,송도동
인천광역시 연수구 송도동 송도과학로28번길 8,37.38246176,126.6606641,전세,59.75,202209,"        27,000",             0,23,2020,송도동
인천광역시 연수구 송도동 송도과학로28번길 8,37.38246176,126.6606641,전세,59.52,202209,"        25,000",             0,21,2020,송도동
인천광역시 연수구 송도동 송도과학로28번길 8,37.38246176,126.6606641,전세,59.2,202209,"        26,250",             0,8,2020,송도동
인천광역시 연수구 송도동 송도과학로28번길 8,37.38246176,126.6606641,전세,59.75,202210,"        26,250",             0,10,2020,송도동
인천광역시 연수구 송도동 송도과학로28번길 8,37.38246176,126.6606641,전세,31.95,202210,"        17,850",             0,8,2020,송도동
인천광역시 연수구 송도동 송도과학로28번길 8,37.38246176,126.6606641,전세,27.8,202210,"        10,000",             0,10,2020,송도동
인천광역시 연수구 송도동 송도과학로28번길 8,37.38246176,126.6606641,전세,59.22,202210,"        26,250",             0,17,2020,송도동
인천광역시 연수구 송도동 송도과학로28번길 8,37.38246176,126.6606641,전세,59.43,202210,"        26,000",             0,7,2020,송도동
인천광역시 연수구 송도동 송도과학로28번길 8,37.38246176,126.6606641,월세,59.68,202210,"         3,000",            58,15,2020,송도동
인천광역시 연수구 송도동 송도과학로28번길 8,37.38246176,126.6606641,전세,25.92,202210,"        16,800",             0,13,2020,송도동
인천광역시 연수구 송도동 송도과학로28번길 8,37.38246176,126.6606641,전세,59.79,202210,"        27,000",             0,17,2020,송도동
인천광역시 연수구 송도동 송도과학로28번길 8,37.38246176,126.6606641,전세,27.06,202210,"        18,000",             0,4,2020,송도동
인천광역시 연수구 송도동 송도과학로28번길 8,37.38246176,126.6606641,전세,27.06,202210,"        18,000",             0,4,2020,송도동
인천광역시 연수구 송도동 송도과학로28번길 8,37.38246176,126.6606641,전세,27.41,202210,"        18,500",             0,9,2020,송도동
인천광역시 연수구 송도동 송도과학로28번길 8,37.38246176,126.6606641,전세,59.2,202210,"        27,000",             0,13,2020,송도동
인천광역시 연수구 송도동 송도과학로28번길 8,37.38246176,126.6606641,전세,31.95,202210,"        16,800",             0,13,2020,송도동
인천광역시 연수구 송도동 송도과학로28번길 8,37.38246176,126.6606641,전세,59.83,202211,"        28,000",             0,16,2020,송도동
인천광역시 연수구 송도동 송도과학로28번길 8,37.38246176,126.6606641,전세,59.65,202211,"        27,300",             0,8,2020,송도동
인천광역시 연수구 송도동 송도과학로28번길 8,37.38246176,126.6606641,월세,27.8,202211,"         6,500",            38,3,2020,송도동
인천광역시 연수구 송도동 송도과학로28번길 8,37.38246176,126.6606641,전세,27.43,202211,"        18,000",             0,12,2020,송도동
인천광역시 연수구 송도동 송도과학로28번길 8,37.38246176,126.6606641,전세,59.12,202211,"        25,725",             0,6,2020,송도동
인천광역시 연수구 송도동 송도과학로28번길 8,37.38246176,126.6606641,월세,27.43,202211,"         1,000",            75,3,2020,송도동
인천광역시 연수구 송도동 송도과학로28번길 8,37.38246176,126.6606641,월세,31.95,202211,"         1,000",            80,8,2020,송도동
인천광역시 연수구 송도동 송도과학로28번길 8,37.38246176,126.6606641,전세,59.06,202211,"        26,000",             0,18,2020,송도동
인천광역시 연수구 송도동 송도과학로28번길 8,37.38246176,126.6606641,전세,59.79,202211,"        26,000",             0,8,2020,송도동
인천광역시 연수구 송도동 송도과학로28번길 8,37.38246176,126.6606641,월세,27.74,202211,           500,            75,8,2020,송도동
인천광역시 연수구 송도동 송도과학로28번길 8,37.38246176,126.6606641,월세,27.41,202212,           500,            60,10,2020,송도동
인천광역시 연수구 송도동 송도과학로28번길 8,37.38246176,126.6606641,월세,59.65,202212,"         5,000",            80,11,2020,송도동
인천광역시 연수구 송도동 송도과학로28번길 50,37.37934987,126.657692,전세,31.95,202209,"        17,850",             0,9,2020,송도동
인천광역시 연수구 송도동 송도과학로28번길 50,37.37934987,126.657692,전세,59.11,202209,"        29,000",             0,23,2020,송도동
인천광역시 연수구 송도동 송도과학로28번길 50,37.37934987,126.657692,전세,59.75,202209,"        26,000",             0,19,2020,송도동
인천광역시 연수구 송도동 송도과학로28번길 50,37.37934987,126.657692,월세,27.41,202209,           500,            60,9,2020,송도동
인천광역시 연수구 송도동 송도과학로28번길 50,37.37934987,126.657692,전세,59.52,202209,"        26,250",             0,12,2020,송도동
인천광역시 연수구 송도동 송도과학로28번길 50,37.37934987,126.657692,월세,59.2,202209,"         2,000",            90,5,2020,송도동
인천광역시 연수구 송도동 송도과학로28번길 50,37.37934987,126.657692,전세,59.04,202209,"        26,200",             0,6,2020,송도동
인천광역시 연수구 송도동 송도과학로28번길 50,37.37934987,126.657692,전세,59.88,202209,"        26,250",             0,4,2020,송도동
인천광역시 연수구 송도동 송도과학로28번길 50,37.37934987,126.657692,전세,31.95,202209,"        17,850",             0,9,2020,송도동
인천광역시 연수구 송도동 송도과학로28번길 50,37.37934987,126.657692,월세,59.11,202210,"         2,000",            96,17,2020,송도동
인천광역시 연수구 송도동 송도과학로28번길 50,37.37934987,126.657692,전세,59.65,202210,"        28,350",             0,8,2020,송도동
인천광역시 연수구 송도동 송도과학로28번길 50,37.37934987,126.657692,전세,59.04,202210,"        25,200",             0,10,2020,송도동
인천광역시 연수구 송도동 송도과학로28번길 50,37.37934987,126.657692,전세,59.2,202210,"        26,250",             0,10,2020,송도동
인천광역시 연수구 송도동 송도과학로28번길 50,37.37934987,126.657692,월세,27.71,202210,           500,            60,7,2020,송도동
인천광역시 연수구 송도동 송도과학로28번길 50,37.37934987,126.657692,전세,31.95,202210,"        17,000",             0,7,2020,송도동
인천광역시 연수구 송도동 송도과학로28번길 50,37.37934987,126.657692,전세,59.8,202210,"        24,200",             0,23,2020,송도동
인천광역시 연수구 송도동 송도과학로28번길 50,37.37934987,126.657692,월세,59.06,202210,"        16,000",            30,15,2020,송도동
인천광역시 연수구 송도동 송도과학로28번길 50,37.37934987,126.657692,월세,27.74,202210,           500,            65,5,2020,송도동
인천광역시 연수구 송도동 송도과학로28번길 50,37.37934987,126.657692,월세,59.96,202211,"         2,000",           135,11,2020,송도동
인천광역시 연수구 송도동 송도과학로28번길 50,37.37934987,126.657692,월세,59.1,202211,"         1,050",           105,22,2020,송도동
인천광역시 연수구 송도동 송도과학로28번길 50,37.37934987,126.657692,월세,27.41,202211,"         1,000",            70,3,2020,송도동
인천광역시 연수구 송도동 송도과학로28번길 50,37.37934987,126.657692,월세,27.4,202211,           500,            60,5,2020,송도동
인천광역시 연수구 송도동 송도과학로28번길 50,37.37934987,126.657692,전세,27.43,202212,"        17,000",             0,7,2020,송도동
인천광역시 연수구 송도동 송도과학로28번길 50,37.37934987,126.657692,전세,27.8,202212,"        15,000",             0,3,2020,송도동
인천광역시 연수구 송도동 랜드마크로 68,37.41563898,126.6212329,전세,59.87,202209,"        24,000",             0,13,2020,송도동
인천광역시 연수구 송도동 랜드마크로 68,37.41563898,126.6212329,전세,59.87,202209,"        24,000",             0,13,2020,송도동
인천광역시 연수구 송도동 랜드마크로 68,37.41563898,126.6212329,전세,84.9,202209,"        26,000",             0,20,2020,송도동
인천광역시 연수구 송도동 랜드마크로 68,37.41563898,126.6212329,월세,84.96,202209,"        20,000",            40,29,2020,송도동
인천광역시 연수구 송도동 랜드마크로 68,37.41563898,126.6212329,전세,84.96,202209,"        29,000",             0,37,2020,송도동
인천광역시 연수구 송도동 랜드마크로 68,37.41563898,126.6212329,전세,59.87,202209,"        25,000",             0,16,2020,송도동
인천광역시 연수구 송도동 랜드마크로 68,37.41563898,126.6212329,전세,84.87,202209,"        27,500",             0,17,2020,송도동
인천광역시 연수구 송도동 랜드마크로 68,37.41563898,126.6212329,전세,29.92,202209,"        14,000",             0,8,2020,송도동
인천광역시 연수구 송도동 랜드마크로 68,37.41563898,126.6212329,전세,29.92,202209,"        12,600",             0,22,2020,송도동
인천광역시 연수구 송도동 랜드마크로 68,37.41563898,126.6212329,전세,84.8,202209,"        18,900",             0,41,2020,송도동
인천광역시 연수구 송도동 랜드마크로 68,37.41563898,126.6212329,전세,84.96,202209,"        25,000",             0,3,2020,송도동
인천광역시 연수구 송도동 랜드마크로 68,37.41563898,126.6212329,전세,84.96,202209,"        26,500",             0,7,2020,송도동
인천광역시 연수구 송도동 랜드마크로 68,37.41563898,126.6212329,전세,29.92,202209,"        12,700",             0,19,2020,송도동
인천광역시 연수구 송도동 랜드마크로 68,37.41563898,126.6212329,월세,84.9,202209,"         2,000",           120,27,2020,송도동
인천광역시 연수구 송도동 랜드마크로 68,37.41563898,126.6212329,월세,84.8,202209,"         5,000",           120,42,2020,송도동
인천광역시 연수구 송도동 랜드마크로 68,37.41563898,126.6212329,전세,59.87,202209,"        21,000",             0,16,2020,송도동
인천광역시 연수구 송도동 랜드마크로 68,37.41563898,126.6212329,전세,84.96,202209,"        29,000",             0,29,2020,송도동
인천광역시 연수구 송도동 랜드마크로 68,37.41563898,126.6212329,전세,84.96,202209,"        21,000",             0,6,2020,송도동
인천광역시 연수구 송도동 랜드마크로 68,37.41563898,126.6212329,전세,29.92,202209,"        15,000",             0,29,2020,송도동
인천광역시 연수구 송도동 랜드마크로 68,37.41563898,126.6212329,전세,84.96,202209,"        23,100",             0,16,2020,송도동
인천광역시 연수구 송도동 랜드마크로 68,37.41563898,126.6212329,전세,84.8,202209,"        28,000",             0,27,2020,송도동
인천광역시 연수구 송도동 랜드마크로 68,37.41563898,126.6212329,전세,59.87,202209,"        19,290",             0,11,2020,송도동
인천광역시 연수구 송도동 랜드마크로 68,37.41563898,126.6212329,전세,29.92,202209,"        13,000",             0,19,2020,송도동
인천광역시 연수구 송도동 랜드마크로 68,37.41563898,126.6212329,전세,59.87,202209,"        21,000",             0,12,2020,송도동
인천광역시 연수구 송도동 랜드마크로 68,37.41563898,126.6212329,전세,84.9,202209,"        28,000",             0,6,2020,송도동
인천광역시 연수구 송도동 랜드마크로 68,37.41563898,126.6212329,월세,84.8,202209,"         3,000",           130,36,2020,송도동
인천광역시 연수구 송도동 랜드마크로 68,37.41563898,126.6212329,전세,84.96,202209,"        21,000",             0,34,2020,송도동
인천광역시 연수구 송도동 랜드마크로 68,37.41563898,126.6212329,월세,29.92,202209,"         1,000",            70,29,2020,송도동
인천광역시 연수구 송도동 랜드마크로 68,37.41563898,126.6212329,전세,59.87,202209,"        24,000",             0,13,2020,송도동
인천광역시 연수구 송도동 랜드마크로 68,37.41563898,126.6212329,월세,29.92,202209,"        10,500",             5,26,2020,송도동
인천광역시 연수구 송도동 랜드마크로 68,37.41563898,126.6212329,전세,84.8,202209,"        22,700",             0,6,2020,송도동
인천광역시 연수구 송도동 랜드마크로 68,37.41563898,126.6212329,전세,84.9,202209,"        30,000",             0,40,2020,송도동
인천광역시 연수구 송도동 랜드마크로 68,37.41563898,126.6212329,전세,84.97,202209,"        24,000",             0,37,2020,송도동
인천광역시 연수구 송도동 랜드마크로 68,37.41563898,126.6212329,전세,59.87,202209,"        22,050",             0,9,2020,송도동
인천광역시 연수구 송도동 랜드마크로 68,37.41563898,126.6212329,전세,29.92,202209,"        10,500",             0,11,2020,송도동
인천광역시 연수구 송도동 랜드마크로 68,37.41563898,126.6212329,전세,29.92,202210,"        11,550",             0,22,2020,송도동
인천광역시 연수구 송도동 랜드마크로 68,37.41563898,126.6212329,전세,84.8,202210,"        27,000",             0,32,2020,송도동
인천광역시 연수구 송도동 랜드마크로 68,37.41563898,126.6212329,전세,29.92,202210,"        14,500",             0,21,2020,송도동
인천광역시 연수구 송도동 랜드마크로 68,37.41563898,126.6212329,전세,84.87,202211,"        24,000",             0,40,2020,송도동
인천광역시 연수구 송도동 랜드마크로 68,37.41563898,126.6212329,전세,84.8,202211,"        30,000",             0,30,2020,송도동
인천광역시 연수구 송도동 랜드마크로 68,37.41563898,126.6212329,전세,59.87,202212,"        20,000",             0,9,2020,송도동
인천광역시 연수구 송도동 랜드마크로 68,37.41563898,126.6212329,전세,84.97,202212,"        25,000",             0,26,2020,송도동
인천광역시 연수구 송도동 랜드마크로 68,37.41563898,126.6212329,전세,84.8,202212,"        25,000",             0,32,2020,송도동
인천광역시 연수구 송도동 인천타워대로132번길 9,37.38467593,126.6411413,월세,19.75,202209,           500,            50,15,2019,송도동
인천광역시 연수구 송도동 인천타워대로132번길 9,37.38467593,126.6411413,전세,19.35,202209,"         9,900",             0,19,2019,송도동
인천광역시 연수구 송도동 인천타워대로132번길 9,37.38467593,126.6411413,월세,23.5,202209,           500,            70,7,2019,송도동
인천광역시 연수구 송도동 인천타워대로132번길 9,37.38467593,126.6411413,전세,27.76,202209,"        18,000",             0,23,2019,송도동
인천광역시 연수구 송도동 인천타워대로132번길 9,37.38467593,126.6411413,전세,18.5,202209,"        14,490",             0,40,2019,송도동
인천광역시 연수구 송도동 인천타워대로132번길 9,37.38467593,126.6411413,전세,18.01,202209,"         9,370",             0,15,2019,송도동
인천광역시 연수구 송도동 인천타워대로132번길 9,37.38467593,126.6411413,전세,27.76,202209,"        14,333",             0,8,2019,송도동
인천광역시 연수구 송도동 인천타워대로132번길 9,37.38467593,126.6411413,전세,28.81,202209,"        15,040",             0,14,2019,송도동
인천광역시 연수구 송도동 인천타워대로132번길 9,37.38467593,126.6411413,월세,18.65,202209,           500,            60,38,2019,송도동
인천광역시 연수구 송도동 인천타워대로132번길 9,37.38467593,126.6411413,월세,54.31,202209,"         2,000",           130,41,2019,송도동
인천광역시 연수구 송도동 인천타워대로132번길 9,37.38467593,126.6411413,월세,22.69,202209,"         1,000",            56,28,2019,송도동
인천광역시 연수구 송도동 인천타워대로132번길 9,37.38467593,126.6411413,전세,22.07,202209,"         9,371",             0,22,2019,송도동
인천광역시 연수구 송도동 인천타워대로132번길 9,37.38467593,126.6411413,월세,18.65,202209,           500,            53,35,2019,송도동
인천광역시 연수구 송도동 인천타워대로132번길 9,37.38467593,126.6411413,월세,17.98,202209,"         2,000",            29,39,2019,송도동
인천광역시 연수구 송도동 인천타워대로132번길 9,37.38467593,126.6411413,월세,28.81,202209,           500,            58,10,2019,송도동
인천광역시 연수구 송도동 인천타워대로132번길 9,37.38467593,126.6411413,월세,22.57,202209,           500,            68,36,2019,송도동
인천광역시 연수구 송도동 인천타워대로132번길 9,37.38467593,126.6411413,전세,22.57,202209,"        16,000",             0,25,2019,송도동
인천광역시 연수구 송도동 인천타워대로132번길 9,37.38467593,126.6411413,전세,22.14,202209,"        12,600",             0,9,2019,송도동
인천광역시 연수구 송도동 인천타워대로132번길 9,37.38467593,126.6411413,전세,22.14,202209,"         8,820",             0,8,2019,송도동
인천광역시 연수구 송도동 인천타워대로132번길 9,37.38467593,126.6411413,월세,19.32,202209,           500,            65,16,2019,송도동
인천광역시 연수구 송도동 인천타워대로132번길 9,37.38467593,126.6411413,월세,18.47,202209,           500,            60,22,2019,송도동
인천광역시 연수구 송도동 인천타워대로132번길 9,37.38467593,126.6411413,전세,23.5,202209,"        12,734",             0,9,2019,송도동
인천광역시 연수구 송도동 인천타워대로132번길 9,37.38467593,126.6411413,전세,18.65,202209,"        14,000",             0,23,2019,송도동
인천광역시 연수구 송도동 인천타워대로132번길 9,37.38467593,126.6411413,월세,17.98,202209,           500,            60,32,2019,송도동
인천광역시 연수구 송도동 인천타워대로132번길 9,37.38467593,126.6411413,월세,18.01,202209,"         3,000",            37,19,2019,송도동
인천광역시 연수구 송도동 인천타워대로132번길 9,37.38467593,126.6411413,전세,19.32,202209,"        12,285",             0,23,2019,송도동
인천광역시 연수구 송도동 인천타워대로132번길 9,37.38467593,126.6411413,전세,19.32,202209,"         9,975",             0,11,2019,송도동
인천광역시 연수구 송도동 인천타워대로132번길 9,37.38467593,126.6411413,전세,22.14,202209,"        14,000",             0,41,2019,송도동
인천광역시 연수구 송도동 인천타워대로132번길 9,37.38467593,126.6411413,전세,64.74,202209,"        26,000",             0,31,2019,송도동
인천광역시 연수구 송도동 인천타워대로132번길 9,37.38467593,126.6411413,전세,22.14,202209,"        15,750",             0,23,2019,송도동
인천광역시 연수구 송도동 인천타워대로132번길 9,37.38467593,126.6411413,전세,22.14,202209,"        15,000",             0,27,2019,송도동
인천광역시 연수구 송도동 인천타워대로132번길 9,37.38467593,126.6411413,전세,62.68,202209,"        25,200",             0,36,2019,송도동
인천광역시 연수구 송도동 인천타워대로132번길 9,37.38467593,126.6411413,전세,20.6,202209,"        12,285",             0,33,2019,송도동
인천광역시 연수구 송도동 인천타워대로132번길 9,37.38467593,126.6411413,월세,18.65,202209,"         2,000",            48,39,2019,송도동
인천광역시 연수구 송도동 인천타워대로132번길 9,37.38467593,126.6411413,전세,18.47,202209,"        14,000",             0,41,2019,송도동
인천광역시 연수구 송도동 인천타워대로132번길 9,37.38467593,126.6411413,전세,19.73,202209,"        14,000",             0,9,2019,송도동
인천광역시 연수구 송도동 인천타워대로132번길 9,37.38467593,126.6411413,월세,23.01,202209,           500,            70,29,2019,송도동
인천광역시 연수구 송도동 인천타워대로132번길 9,37.38467593,126.6411413,전세,23.01,202209,"        13,650",             0,21,2019,송도동
인천광역시 연수구 송도동 인천타워대로132번길 9,37.38467593,126.6411413,월세,27.76,202209,           500,            61,9,2019,송도동
인천광역시 연수구 송도동 인천타워대로132번길 9,37.38467593,126.6411413,월세,27.76,202209,"         1,000",            80,11,2019,송도동
인천광역시 연수구 송도동 인천타워대로132번길 9,37.38467593,126.6411413,전세,18.01,202209,"         9,870",             0,40,2019,송도동
인천광역시 연수구 송도동 인천타워대로132번길 9,37.38467593,126.6411413,전세,19.75,202210,"        13,650",             0,23,2019,송도동
인천광역시 연수구 송도동 인천타워대로132번길 9,37.38467593,126.6411413,전세,23.01,202210,"        13,300",             0,14,2019,송도동
인천광역시 연수구 송도동 인천타워대로132번길 9,37.38467593,126.6411413,월세,18.5,202210,"         3,300",            22,21,2019,송도동
인천광역시 연수구 송도동 인천타워대로132번길 9,37.38467593,126.6411413,월세,22.36,202210,           500,            45,22,2019,송도동
인천광역시 연수구 송도동 인천타워대로132번길 9,37.38467593,126.6411413,월세,20.6,202210,           500,            60,11,2019,송도동
인천광역시 연수구 송도동 인천타워대로132번길 9,37.38467593,126.6411413,월세,27.76,202210,           500,            63,12,2019,송도동
인천광역시 연수구 송도동 인천타워대로132번길 9,37.38467593,126.6411413,전세,22.86,202210,"        13,000",             0,12,2019,송도동
인천광역시 연수구 송도동 인천타워대로132번길 9,37.38467593,126.6411413,월세,23.5,202210,"         1,000",            57,23,2019,송도동
인천광역시 연수구 송도동 인천타워대로132번길 9,37.38467593,126.6411413,전세,20.01,202210,"        14,000",             0,13,2019,송도동
인천광역시 연수구 송도동 인천타워대로132번길 9,37.38467593,126.6411413,전세,19.32,202210,"        11,576",             0,12,2019,송도동
인천광역시 연수구 송도동 인천타워대로132번길 9,37.38467593,126.6411413,월세,23.01,202210,           500,            65,15,2019,송도동
인천광역시 연수구 송도동 인천타워대로132번길 9,37.38467593,126.6411413,월세,18.65,202210,           500,            60,21,2019,송도동
인천광역시 연수구 송도동 인천타워대로132번길 9,37.38467593,126.6411413,월세,20.6,202210,           500,            42,10,2019,송도동
인천광역시 연수구 송도동 인천타워대로132번길 9,37.38467593,126.6411413,전세,23.01,202210,"        13,000",             0,35,2019,송도동
인천광역시 연수구 송도동 인천타워대로132번길 9,37.38467593,126.6411413,월세,23.5,202210,           500,            67,8,2019,송도동
인천광역시 연수구 송도동 인천타워대로132번길 9,37.38467593,126.6411413,월세,19.75,202210,"         5,000",            42,8,2019,송도동
인천광역시 연수구 송도동 인천타워대로132번길 9,37.38467593,126.6411413,전세,18.5,202210,"        12,500",             0,37,2019,송도동
인천광역시 연수구 송도동 인천타워대로132번길 9,37.38467593,126.6411413,전세,23.01,202210,"         9,450",             0,28,2019,송도동
인천광역시 연수구 송도동 인천타워대로132번길 9,37.38467593,126.6411413,전세,19.75,202210,"        11,000",             0,15,2019,송도동
인천광역시 연수구 송도동 인천타워대로132번길 9,37.38467593,126.6411413,월세,19.32,202210,           500,            65,23,2019,송도동
인천광역시 연수구 송도동 인천타워대로132번길 9,37.38467593,126.6411413,월세,22.14,202210,           500,            70,36,2019,송도동
인천광역시 연수구 송도동 인천타워대로132번길 9,37.38467593,126.6411413,전세,19.32,202210,"        14,500",             0,20,2019,송도동
인천광역시 연수구 송도동 인천타워대로132번길 9,37.38467593,126.6411413,월세,18.5,202210,"         3,000",            40,17,2019,송도동
인천광역시 연수구 송도동 인천타워대로132번길 9,37.38467593,126.6411413,월세,23.01,202210,           500,            70,26,2019,송도동
인천광역시 연수구 송도동 인천타워대로132번길 9,37.38467593,126.6411413,월세,18.65,202210,           500,            46,12,2019,송도동
인천광역시 연수구 송도동 인천타워대로132번길 9,37.38467593,126.6411413,전세,17.98,202210,"        12,600",             0,32,2019,송도동
인천광역시 연수구 송도동 인천타워대로132번길 9,37.38467593,126.6411413,전세,53.29,202210,"        26,000",             0,36,2019,송도동
인천광역시 연수구 송도동 인천타워대로132번길 9,37.38467593,126.6411413,월세,23.01,202210,"         2,000",            55,33,2019,송도동
인천광역시 연수구 송도동 인천타워대로132번길 9,37.38467593,126.6411413,월세,27.76,202210,"         1,000",            80,18,2019,송도동
인천광역시 연수구 송도동 인천타워대로132번길 9,37.38467593,126.6411413,전세,22.14,202210,"        13,650",             0,39,2019,송도동
인천광역시 연수구 송도동 인천타워대로132번길 9,37.38467593,126.6411413,전세,20.6,202210,"         8,820",             0,14,2019,송도동
인천광역시 연수구 송도동 인천타워대로132번길 9,37.38467593,126.6411413,전세,27.76,202210,"        18,000",             0,26,2019,송도동
인천광역시 연수구 송도동 인천타워대로132번길 9,37.38467593,126.6411413,전세,22.07,202210,"        14,000",             0,15,2019,송도동
인천광역시 연수구 송도동 인천타워대로132번길 9,37.38467593,126.6411413,월세,19.35,202210,"         1,000",            60,13,2019,송도동
인천광역시 연수구 송도동 인천타워대로132번길 9,37.38467593,126.6411413,전세,22.14,202210,"        13,230",             0,38,2019,송도동
인천광역시 연수구 송도동 인천타워대로132번길 9,37.38467593,126.6411413,전세,22.07,202210,"        13,000",             0,15,2019,송도동
인천광역시 연수구 송도동 인천타워대로132번길 9,37.38467593,126.6411413,전세,19.32,202210,"        12,000",             0,14,2019,송도동
인천광역시 연수구 송도동 인천타워대로132번길 9,37.38467593,126.6411413,전세,20.01,202210,"        10,474",             0,7,2019,송도동
인천광역시 연수구 송도동 인천타워대로132번길 9,37.38467593,126.6411413,전세,22.14,202210,"        11,025",             0,39,2019,송도동
인천광역시 연수구 송도동 인천타워대로132번길 9,37.38467593,126.6411413,전세,17.98,202210,"        13,500",             0,11,2019,송도동
인천광역시 연수구 송도동 인천타워대로132번길 9,37.38467593,126.6411413,월세,23.01,202210,           500,            65,35,2019,송도동
인천광역시 연수구 송도동 인천타워대로132번길 9,37.38467593,126.6411413,월세,17.98,202210,"         1,000",            40,20,2019,송도동
인천광역시 연수구 송도동 인천타워대로132번길 9,37.38467593,126.6411413,전세,22.14,202210,"        13,500",             0,34,2019,송도동
인천광역시 연수구 송도동 인천타워대로132번길 9,37.38467593,126.6411413,전세,64.74,202210,"        22,000",             0,30,2019,송도동
인천광역시 연수구 송도동 인천타워대로132번길 9,37.38467593,126.6411413,전세,18.01,202210,"        13,500",             0,34,2019,송도동
인천광역시 연수구 송도동 인천타워대로132번길 9,37.38467593,126.6411413,전세,18.01,202210,"        12,500",             0,19,2019,송도동
인천광역시 연수구 송도동 인천타워대로132번길 9,37.38467593,126.6411413,전세,55.01,202210,"        20,000",             0,35,2019,송도동
인천광역시 연수구 송도동 인천타워대로132번길 9,37.38467593,126.6411413,전세,22.14,202211,"        13,100",             0,23,2019,송도동
인천광역시 연수구 송도동 인천타워대로132번길 9,37.38467593,126.6411413,월세,22.14,202211,           500,            70,27,2019,송도동
인천광역시 연수구 송도동 인천타워대로132번길 9,37.38467593,126.6411413,월세,23.01,202211,           500,            70,29,2019,송도동
인천광역시 연수구 송도동 인천타워대로132번길 9,37.38467593,126.6411413,월세,20.6,202211,"         2,000",            36,39,2019,송도동
인천광역시 연수구 송도동 인천타워대로132번길 9,37.38467593,126.6411413,월세,17.98,202211,           500,            60,33,2019,송도동
인천광역시 연수구 송도동 인천타워대로132번길 9,37.38467593,126.6411413,월세,53.29,202211,"         1,500",           140,40,2019,송도동
인천광역시 연수구 송도동 인천타워대로132번길 9,37.38467593,126.6411413,전세,17.98,202211,"         7,700",             0,8,2019,송도동
인천광역시 연수구 송도동 인천타워대로132번길 9,37.38467593,126.6411413,전세,22.14,202211,"        10,473",             0,36,2019,송도동
인천광역시 연수구 송도동 인천타워대로132번길 9,37.38467593,126.6411413,월세,23.01,202211,"         8,300",            14,10,2019,송도동
인천광역시 연수구 송도동 인천타워대로132번길 9,37.38467593,126.6411413,월세,18.47,202211,"        10,000",            25,23,2019,송도동
인천광역시 연수구 송도동 인천타워대로132번길 9,37.38467593,126.6411413,월세,23.5,202211,           500,            65,10,2019,송도동
인천광역시 연수구 송도동 인천타워대로132번길 9,37.38467593,126.6411413,월세,18.5,202211,"         4,000",            24,18,2019,송도동
인천광역시 연수구 송도동 인천타워대로132번길 9,37.38467593,126.6411413,월세,28.81,202211,           500,            85,27,2019,송도동
인천광역시 연수구 송도동 인천타워대로132번길 9,37.38467593,126.6411413,월세,20.6,202211,           500,            39,10,2019,송도동
인천광역시 연수구 송도동 인천타워대로132번길 9,37.38467593,126.6411413,월세,18.47,202211,"        10,000",            25,35,2019,송도동
인천광역시 연수구 송도동 인천타워대로132번길 9,37.38467593,126.6411413,전세,22.14,202211,"        14,000",             0,10,2019,송도동
인천광역시 연수구 송도동 인천타워대로132번길 9,37.38467593,126.6411413,전세,22.86,202211,"         8,400",             0,12,2019,송도동
인천광역시 연수구 송도동 인천타워대로132번길 9,37.38467593,126.6411413,월세,22.14,202211,           500,            70,37,2019,송도동
인천광역시 연수구 송도동 인천타워대로132번길 9,37.38467593,126.6411413,전세,18.5,202211,"        10,000",             0,9,2019,송도동
인천광역시 연수구 송도동 인천타워대로132번길 9,37.38467593,126.6411413,전세,18.01,202211,"        12,300",             0,27,2019,송도동
인천광역시 연수구 송도동 인천타워대로132번길 9,37.38467593,126.6411413,월세,22.14,202211,           490,            49,23,2019,송도동
인천광역시 연수구 송도동 인천타워대로132번길 9,37.38467593,126.6411413,월세,22.07,202211,           500,            65,16,2019,송도동
인천광역시 연수구 송도동 인천타워대로132번길 9,37.38467593,126.6411413,전세,23.01,202211,"        14,000",             0,8,2019,송도동
인천광역시 연수구 송도동 인천타워대로132번길 9,37.38467593,126.6411413,전세,20.6,202211,"        13,000",             0,28,2019,송도동
인천광역시 연수구 송도동 인천타워대로132번길 9,37.38467593,126.6411413,월세,23.01,202211,           500,            65,8,2019,송도동
인천광역시 연수구 송도동 인천타워대로132번길 9,37.38467593,126.6411413,전세,22.57,202211,"        11,025",             0,19,2019,송도동
인천광역시 연수구 송도동 인천타워대로132번길 9,37.38467593,126.6411413,전세,18.01,202211,"         7,870",             0,32,2019,송도동
인천광역시 연수구 송도동 인천타워대로132번길 9,37.38467593,126.6411413,전세,18.65,202212,"        11,500",             0,9,2019,송도동
인천광역시 연수구 송도동 인천타워대로132번길 9,37.38467593,126.6411413,전세,23.01,202212,"        13,000",             0,27,2019,송도동
인천광역시 연수구 송도동 인천타워대로132번길 9,37.38467593,126.6411413,전세,22.14,202212,"        13,781",             0,36,2019,송도동
인천광역시 연수구 송도동 인천타워대로132번길 9,37.38467593,126.6411413,월세,22.14,202212,           500,            70,40,2019,송도동
인천광역시 연수구 송도동 인천타워대로132번길 9,37.38467593,126.6411413,월세,18.47,202212,           500,            43,37,2019,송도동
인천광역시 연수구 송도동 인천타워대로132번길 9,37.38467593,126.6411413,월세,23.01,202212,           500,            63,20,2019,송도동
인천광역시 연수구 송도동 인천타워대로132번길 9,37.38467593,126.6411413,월세,18.5,202212,           500,            60,12,2019,송도동
인천광역시 연수구 송도동 인천타워대로132번길 9,37.38467593,126.6411413,월세,23.01,202212,           500,            44,12,2019,송도동
인천광역시 연수구 송도동 인천타워대로132번길 9,37.38467593,126.6411413,전세,22.57,202212,"        12,510",             0,10,2019,송도동
인천광역시 연수구 송도동 인천타워대로132번길 9,37.38467593,126.6411413,전세,19.35,202212,"        13,000",             0,21,2019,송도동
인천광역시 연수구 송도동 인천타워대로132번길 9,37.38467593,126.6411413,전세,28.81,202212,"        16,800",             0,25,2019,송도동
인천광역시 연수구 송도동 인천타워대로132번길 9,37.38467593,126.6411413,월세,18.01,202212,           500,            62,31,2019,송도동
인천광역시 연수구 송도동 인천타워대로132번길 9,37.38467593,126.6411413,월세,18.65,202212,           500,            37,15,2019,송도동
인천광역시 연수구 송도동 인천타워대로132번길 9,37.38467593,126.6411413,월세,19.32,202212,           500,            63,8,2019,송도동
인천광역시 연수구 송도동 인천타워대로132번길 9,37.38467593,126.6411413,전세,22.86,202212,"        13,500",             0,11,2019,송도동
인천광역시 연수구 송도동 인천타워대로132번길 9,37.38467593,126.6411413,월세,18.65,202212,           500,            48,37,2019,송도동
인천광역시 연수구 송도동 인천타워대로132번길 9,37.38467593,126.6411413,전세,18.47,202212,"        12,900",             0,36,2019,송도동
인천광역시 연수구 송도동 인천타워대로132번길 9,37.38467593,126.6411413,전세,22.57,202212,"        14,500",             0,15,2019,송도동
인천광역시 연수구 송도동 인천타워대로132번길 9,37.38467593,126.6411413,전세,18.47,202212,"        12,000",             0,10,2019,송도동
인천광역시 연수구 송도동 인천타워대로132번길 9,37.38467593,126.6411413,전세,22.57,202212,"        14,000",             0,8,2019,송도동
인천광역시 연수구 송도동 인천타워대로132번길 9,37.38467593,126.6411413,전세,19.32,202212,"        12,500",             0,14,2019,송도동
인천광역시 연수구 송도동 인천타워대로132번길 9,37.38467593,126.6411413,월세,22.14,202212,"         2,000",            22,14,2019,송도동
인천광역시 연수구 송도동 인천타워대로132번길 9,37.38467593,126.6411413,전세,22.14,202212,"        15,000",             0,38,2019,송도동
인천광역시 연수구 송도동 인천타워대로132번길 9,37.38467593,126.6411413,전세,20.6,202212,"        13,500",             0,31,2019,송도동
인천광역시 연수구 송도동 인천타워대로132번길 9,37.38467593,126.6411413,전세,22.14,202212,"        14,000",             0,8,2019,송도동
인천광역시 연수구 송도동 인천타워대로132번길 9,37.38467593,126.6411413,월세,23.01,202212,"         2,000",            50,18,2019,송도동
인천광역시 연수구 송도동 인천타워대로132번길 9,37.38467593,126.6411413,전세,17.98,202212,"        12,600",             0,23,2019,송도동
인천광역시 연수구 송도동 인천타워대로132번길 9,37.38467593,126.6411413,전세,17.98,202212,"        12,000",             0,14,2019,송도동
인천광역시 연수구 송도동 인천타워대로132번길 9,37.38467593,126.6411413,전세,23.01,202212,"        15,000",             0,12,2019,송도동
인천광역시 연수구 송도동 인천타워대로132번길 9,37.38467593,126.6411413,전세,27.76,202301,"        16,800",             0,32,2019,송도동
인천광역시 연수구 송도동 인천타워대로132번길 9,37.38467593,126.6411413,월세,27.76,202301,"         1,000",            80,20,2019,송도동
인천광역시 연수구 송도동 송도과학로27번길 55,37.38803691,126.6642625,전세,34.68,202209,"        18,000",             0,37,2016,송도동
인천광역시 연수구 송도동 송도과학로27번길 55,37.38803691,126.6642625,월세,34.68,202209,"         1,000",            75,18,2016,송도동
인천광역시 연수구 송도동 송도과학로27번길 55,37.38803691,126.6642625,전세,34.68,202209,"        16,800",             0,42,2016,송도동
인천광역시 연수구 송도동 송도과학로27번길 55,37.38803691,126.6642625,월세,33.34,202209,"         4,000",            58,14,2016,송도동
인천광역시 연수구 송도동 송도과학로27번길 55,37.38803691,126.6642625,월세,29.83,202209,           500,            65,15,2016,송도동
인천광역시 연수구 송도동 송도과학로27번길 55,37.38803691,126.6642625,전세,34.68,202209,"        18,800",             0,44,2016,송도동
인천광역시 연수구 송도동 송도과학로27번길 55,37.38803691,126.6642625,월세,34.68,202209,"         1,000",            75,17,2016,송도동
인천광역시 연수구 송도동 송도과학로27번길 55,37.38803691,126.6642625,월세,34.68,202209,"         5,000",            55,24,2016,송도동
인천광역시 연수구 송도동 송도과학로27번길 55,37.38803691,126.6642625,월세,27.16,202209,           500,            53,12,2016,송도동
인천광역시 연수구 송도동 송도과학로27번길 55,37.38803691,126.6642625,전세,33.42,202209,"        18,000",             0,42,2016,송도동
인천광역시 연수구 송도동 송도과학로27번길 55,37.38803691,126.6642625,전세,26.32,202209,"        14,000",             0,9,2016,송도동
인천광역시 연수구 송도동 송도과학로27번길 55,37.38803691,126.6642625,전세,34.55,202209,"        16,538",             0,8,2016,송도동
인천광역시 연수구 송도동 송도과학로27번길 55,37.38803691,126.6642625,월세,34.68,202209,           500,            68,13,2016,송도동
인천광역시 연수구 송도동 송도과학로27번길 55,37.38803691,126.6642625,전세,33.42,202209,"        16,800",             0,40,2016,송도동
인천광역시 연수구 송도동 송도과학로27번길 55,37.38803691,126.6642625,월세,33.34,202209,"         1,000",            72,9,2016,송도동
인천광역시 연수구 송도동 송도과학로27번길 55,37.38803691,126.6642625,전세,34.68,202209,"        17,500",             0,21,2016,송도동
인천광역시 연수구 송도동 송도과학로27번길 55,37.38803691,126.6642625,전세,34.68,202209,"        16,800",             0,42,2016,송도동
인천광역시 연수구 송도동 송도과학로27번길 55,37.38803691,126.6642625,전세,34.68,202209,"        18,500",             0,46,2016,송도동
인천광역시 연수구 송도동 송도과학로27번길 55,37.38803691,126.6642625,월세,34.68,202209,"         1,000",            75,22,2016,송도동
인천광역시 연수구 송도동 송도과학로27번길 55,37.38803691,126.6642625,전세,34.68,202209,"        16,800",             0,32,2016,송도동
인천광역시 연수구 송도동 송도과학로27번길 55,37.38803691,126.6642625,월세,26.32,202209,           500,            58,14,2016,송도동
인천광역시 연수구 송도동 송도과학로27번길 55,37.38803691,126.6642625,전세,33.42,202209,"        18,000",             0,39,2016,송도동
인천광역시 연수구 송도동 송도과학로27번길 55,37.38803691,126.6642625,월세,33.34,202209,"         1,000",            70,14,2016,송도동
인천광역시 연수구 송도동 송도과학로27번길 55,37.38803691,126.6642625,전세,28.09,202209,"        15,500",             0,14,2016,송도동
인천광역시 연수구 송도동 송도과학로27번길 55,37.38803691,126.6642625,월세,34.68,202209,"         1,000",            75,12,2016,송도동
인천광역시 연수구 송도동 송도과학로27번길 55,37.38803691,126.6642625,전세,34.68,202209,"        19,000",             0,43,2016,송도동
인천광역시 연수구 송도동 송도과학로27번길 55,37.38803691,126.6642625,월세,33.34,202209,           500,            73,12,2016,송도동
인천광역시 연수구 송도동 송도과학로27번길 55,37.38803691,126.6642625,전세,34.68,202209,"        16,800",             0,33,2016,송도동
인천광역시 연수구 송도동 송도과학로27번길 55,37.38803691,126.6642625,전세,34.68,202209,"        17,500",             0,12,2016,송도동
인천광역시 연수구 송도동 송도과학로27번길 55,37.38803691,126.6642625,전세,34.55,202209,"        17,325",             0,9,2016,송도동
인천광역시 연수구 송도동 송도과학로27번길 55,37.38803691,126.6642625,전세,26.32,202209,"        15,000",             0,9,2016,송도동
인천광역시 연수구 송도동 송도과학로27번길 55,37.38803691,126.6642625,월세,34.68,202209,"         1,000",            75,23,2016,송도동
인천광역시 연수구 송도동 송도과학로27번길 55,37.38803691,126.6642625,전세,34.68,202209,"        18,000",             0,30,2016,송도동
인천광역시 연수구 송도동 송도과학로27번길 55,37.38803691,126.6642625,전세,34.55,202209,"        19,000",             0,11,2016,송도동
인천광역시 연수구 송도동 송도과학로27번길 55,37.38803691,126.6642625,월세,34.68,202209,           500,            68,26,2016,송도동
인천광역시 연수구 송도동 송도과학로27번길 55,37.38803691,126.6642625,전세,34.68,202209,"        16,200",             0,22,2016,송도동
인천광역시 연수구 송도동 송도과학로27번길 55,37.38803691,126.6642625,전세,34.68,202209,"        17,000",             0,37,2016,송도동
인천광역시 연수구 송도동 송도과학로27번길 55,37.38803691,126.6642625,전세,34.68,202209,"        17,000",             0,13,2016,송도동
인천광역시 연수구 송도동 송도과학로27번길 55,37.38803691,126.6642625,전세,34.55,202209,"        17,300",             0,9,2016,송도동
인천광역시 연수구 송도동 송도과학로27번길 55,37.38803691,126.6642625,월세,34.55,202209,"         1,000",            75,14,2016,송도동
인천광역시 연수구 송도동 송도과학로27번길 55,37.38803691,126.6642625,전세,34.68,202209,"        16,800",             0,23,2016,송도동
인천광역시 연수구 송도동 송도과학로27번길 55,37.38803691,126.6642625,전세,34.68,202209,"        17,300",             0,22,2016,송도동
인천광역시 연수구 송도동 송도과학로27번길 55,37.38803691,126.6642625,전세,33.42,202209,"        17,000",             0,39,2016,송도동
인천광역시 연수구 송도동 송도과학로27번길 55,37.38803691,126.6642625,전세,34.55,202209,"        17,000",             0,8,2016,송도동
인천광역시 연수구 송도동 송도과학로27번길 55,37.38803691,126.6642625,전세,34.68,202210,"        17,000",             0,43,2016,송도동
인천광역시 연수구 송도동 송도과학로27번길 55,37.38803691,126.6642625,전세,34.68,202210,"        17,640",             0,20,2016,송도동
인천광역시 연수구 송도동 송도과학로27번길 55,37.38803691,126.6642625,전세,34.68,202210,"        14,191",             0,21,2016,송도동
인천광역시 연수구 송도동 송도과학로27번길 55,37.38803691,126.6642625,월세,34.68,202210,           500,            70,10,2016,송도동
인천광역시 연수구 송도동 송도과학로27번길 55,37.38803691,126.6642625,전세,34.68,202210,"        16,800",             0,9,2016,송도동
인천광역시 연수구 송도동 송도과학로27번길 55,37.38803691,126.6642625,전세,34.68,202210,"        16,800",             0,35,2016,송도동
인천광역시 연수구 송도동 송도과학로27번길 55,37.38803691,126.6642625,월세,26.32,202210,           500,            50,12,2016,송도동
인천광역시 연수구 송도동 송도과학로27번길 55,37.38803691,126.6642625,전세,28.09,202210,"        14,500",             0,6,2016,송도동
인천광역시 연수구 송도동 송도과학로27번길 55,37.38803691,126.6642625,전세,33.42,202210,"        18,000",             0,40,2016,송도동
인천광역시 연수구 송도동 송도과학로27번길 55,37.38803691,126.6642625,전세,26.32,202210,"        14,000",             0,10,2016,송도동
인천광역시 연수구 송도동 송도과학로27번길 55,37.38803691,126.6642625,월세,26.6,202210,"         1,000",            65,9,2016,송도동
인천광역시 연수구 송도동 송도과학로27번길 55,37.38803691,126.6642625,월세,33.42,202210,"         1,000",            75,46,2016,송도동
인천광역시 연수구 송도동 송도과학로27번길 55,37.38803691,126.6642625,월세,34.55,202210,           500,            70,14,2016,송도동
인천광역시 연수구 송도동 송도과학로27번길 55,37.38803691,126.6642625,월세,34.68,202210,"         2,000",            70,8,2016,송도동
인천광역시 연수구 송도동 송도과학로27번길 55,37.38803691,126.6642625,전세,34.68,202210,"        16,800",             0,44,2016,송도동
인천광역시 연수구 송도동 송도과학로27번길 55,37.38803691,126.6642625,전세,34.55,202210,"        16,800",             0,8,2016,송도동
인천광역시 연수구 송도동 송도과학로27번길 55,37.38803691,126.6642625,전세,34.68,202210,"        15,000",             0,7,2016,송도동
인천광역시 연수구 송도동 송도과학로27번길 55,37.38803691,126.6642625,전세,33.34,202210,"        16,800",             0,5,2016,송도동
인천광역시 연수구 송도동 송도과학로27번길 55,37.38803691,126.6642625,월세,29.83,202210,           500,            59,6,2016,송도동
인천광역시 연수구 송도동 송도과학로27번길 55,37.38803691,126.6642625,월세,26.6,202210,"         1,000",            63,27,2016,송도동
인천광역시 연수구 송도동 송도과학로27번길 55,37.38803691,126.6642625,전세,34.68,202210,"        16,500",             0,44,2016,송도동
인천광역시 연수구 송도동 송도과학로27번길 55,37.38803691,126.6642625,전세,34.68,202210,"        17,500",             0,33,2016,송도동
인천광역시 연수구 송도동 송도과학로27번길 55,37.38803691,126.6642625,전세,26.6,202210,"        15,435",             0,24,2016,송도동
인천광역시 연수구 송도동 송도과학로27번길 55,37.38803691,126.6642625,전세,34.55,202210,"        16,800",             0,6,2016,송도동
인천광역시 연수구 송도동 송도과학로27번길 55,37.38803691,126.6642625,전세,33.42,202210,"        17,000",             0,36,2016,송도동
인천광역시 연수구 송도동 송도과학로27번길 55,37.38803691,126.6642625,월세,33.42,202210,"         1,000",            75,46,2016,송도동
인천광역시 연수구 송도동 송도과학로27번길 55,37.38803691,126.6642625,전세,33.34,202210,"        16,000",             0,7,2016,송도동
인천광역시 연수구 송도동 송도과학로27번길 55,37.38803691,126.6642625,전세,27.16,202210,"        15,000",             0,15,2016,송도동
인천광역시 연수구 송도동 송도과학로27번길 55,37.38803691,126.6642625,전세,34.68,202210,"        16,000",             0,30,2016,송도동
인천광역시 연수구 송도동 송도과학로27번길 55,37.38803691,126.6642625,전세,34.68,202210,"        17,063",             0,20,2016,송도동
인천광역시 연수구 송도동 송도과학로27번길 55,37.38803691,126.6642625,전세,34.55,202210,"        17,300",             0,11,2016,송도동
인천광역시 연수구 송도동 송도과학로27번길 55,37.38803691,126.6642625,전세,34.55,202210,"        16,800",             0,9,2016,송도동
인천광역시 연수구 송도동 송도과학로27번길 55,37.38803691,126.6642625,전세,34.68,202210,"        16,800",             0,13,2016,송도동
인천광역시 연수구 송도동 송도과학로27번길 55,37.38803691,126.6642625,전세,34.55,202210,"        16,000",             0,10,2016,송도동
인천광역시 연수구 송도동 송도과학로27번길 55,37.38803691,126.6642625,전세,34.55,202211,"        16,000",             0,13,2016,송도동
인천광역시 연수구 송도동 송도과학로27번길 55,37.38803691,126.6642625,전세,34.68,202211,"        17,850",             0,34,2016,송도동
인천광역시 연수구 송도동 송도과학로27번길 55,37.38803691,126.6642625,월세,34.68,202211,"         1,000",            77,8,2016,송도동
인천광역시 연수구 송도동 송도과학로27번길 55,37.38803691,126.6642625,전세,34.68,202211,"        17,000",             0,42,2016,송도동
인천광역시 연수구 송도동 송도과학로27번길 55,37.38803691,126.6642625,전세,34.55,202211,"        16,000",             0,14,2016,송도동
인천광역시 연수구 송도동 송도과학로27번길 55,37.38803691,126.6642625,전세,34.55,202211,"        16,400",             0,14,2016,송도동
인천광역시 연수구 송도동 송도과학로27번길 55,37.38803691,126.6642625,전세,34.68,202211,"        17,850",             0,24,2016,송도동
인천광역시 연수구 송도동 송도과학로27번길 55,37.38803691,126.6642625,월세,34.68,202211,"         2,000",            70,18,2016,송도동
인천광역시 연수구 송도동 송도과학로27번길 55,37.38803691,126.6642625,전세,34.68,202211,"        16,800",             0,44,2016,송도동
인천광역시 연수구 송도동 송도과학로27번길 55,37.38803691,126.6642625,전세,34.68,202211,"        17,000",             0,46,2016,송도동
인천광역시 연수구 송도동 송도과학로27번길 55,37.38803691,126.6642625,월세,34.68,202211,"         1,000",            58,16,2016,송도동
인천광역시 연수구 송도동 송도과학로27번길 55,37.38803691,126.6642625,전세,34.68,202211,"        17,000",             0,38,2016,송도동
인천광역시 연수구 송도동 송도과학로27번길 55,37.38803691,126.6642625,월세,34.68,202211,"         1,000",            66,36,2016,송도동
인천광역시 연수구 송도동 송도과학로27번길 55,37.38803691,126.6642625,전세,34.68,202211,"        16,750",             0,15,2016,송도동
인천광역시 연수구 송도동 송도과학로27번길 55,37.38803691,126.6642625,전세,27.16,202211,"        15,500",             0,10,2016,송도동
인천광역시 연수구 송도동 송도과학로27번길 55,37.38803691,126.6642625,월세,33.42,202211,           500,            75,31,2016,송도동
인천광역시 연수구 송도동 송도과학로27번길 55,37.38803691,126.6642625,월세,34.68,202211,"         7,000",            24,30,2016,송도동
인천광역시 연수구 송도동 송도과학로27번길 55,37.38803691,126.6642625,전세,26.6,202211,"        14,700",             0,17,2016,송도동
인천광역시 연수구 송도동 송도과학로27번길 55,37.38803691,126.6642625,전세,34.68,202211,"        16,000",             0,8,2016,송도동
인천광역시 연수구 송도동 송도과학로27번길 55,37.38803691,126.6642625,월세,34.68,202211,           500,            80,27,2016,송도동
인천광역시 연수구 송도동 송도과학로27번길 55,37.38803691,126.6642625,전세,34.68,202211,"        16,800",             0,37,2016,송도동
인천광역시 연수구 송도동 송도과학로27번길 55,37.38803691,126.6642625,전세,26.32,202211,"        15,000",             0,9,2016,송도동
인천광역시 연수구 송도동 송도과학로27번길 55,37.38803691,126.6642625,월세,34.68,202211,"         3,000",            55,38,2016,송도동
인천광역시 연수구 송도동 송도과학로27번길 55,37.38803691,126.6642625,전세,34.68,202211,"        16,500",             0,7,2016,송도동
인천광역시 연수구 송도동 송도과학로27번길 55,37.38803691,126.6642625,월세,34.55,202211,"         1,000",            75,7,2016,송도동
인천광역시 연수구 송도동 송도과학로27번길 55,37.38803691,126.6642625,월세,33.42,202211,"         5,000",            55,45,2016,송도동
인천광역시 연수구 송도동 송도과학로27번길 55,37.38803691,126.6642625,전세,34.68,202211,"        16,000",             0,8,2016,송도동
인천광역시 연수구 송도동 송도과학로27번길 55,37.38803691,126.6642625,월세,34.68,202211,"         1,000",            70,22,2016,송도동
인천광역시 연수구 송도동 송도과학로27번길 55,37.38803691,126.6642625,월세,34.68,202211,"         1,000",            75,16,2016,송도동
인천광역시 연수구 송도동 송도과학로27번길 55,37.38803691,126.6642625,월세,33.34,202211,"         1,000",            72,11,2016,송도동
인천광역시 연수구 송도동 송도과학로27번길 55,37.38803691,126.6642625,월세,34.55,202211,"         4,000",            55,13,2016,송도동
인천광역시 연수구 송도동 송도과학로27번길 55,37.38803691,126.6642625,월세,34.68,202211,"         1,000",            68,38,2016,송도동
인천광역시 연수구 송도동 송도과학로27번길 55,37.38803691,126.6642625,전세,33.42,202211,"        16,150",             0,38,2016,송도동
인천광역시 연수구 송도동 송도과학로27번길 55,37.38803691,126.6642625,월세,34.68,202211,"         2,000",            65,20,2016,송도동
인천광역시 연수구 송도동 송도과학로27번길 55,37.38803691,126.6642625,월세,26.32,202211,           500,            53,7,2016,송도동
인천광역시 연수구 송도동 송도과학로27번길 55,37.38803691,126.6642625,전세,34.68,202211,"        16,800",             0,9,2016,송도동
인천광역시 연수구 송도동 송도과학로27번길 55,37.38803691,126.6642625,전세,34.68,202211,"        16,695",             0,5,2016,송도동
인천광역시 연수구 송도동 송도과학로27번길 55,37.38803691,126.6642625,전세,26.6,202211,"        14,500",             0,18,2016,송도동
인천광역시 연수구 송도동 송도과학로27번길 55,37.38803691,126.6642625,전세,34.68,202211,"        16,675",             0,8,2016,송도동
인천광역시 연수구 송도동 송도과학로27번길 55,37.38803691,126.6642625,전세,34.55,202211,"        16,500",             0,8,2016,송도동
인천광역시 연수구 송도동 송도과학로27번길 55,37.38803691,126.6642625,전세,34.68,202211,"        17,500",             0,14,2016,송도동
인천광역시 연수구 송도동 송도과학로27번길 55,37.38803691,126.6642625,전세,34.55,202211,"        16,800",             0,4,2016,송도동
인천광역시 연수구 송도동 송도과학로27번길 55,37.38803691,126.6642625,전세,26.6,202212,"        14,800",             0,26,2016,송도동
인천광역시 연수구 송도동 송도과학로27번길 55,37.38803691,126.6642625,전세,34.55,202212,"        16,500",             0,14,2016,송도동
인천광역시 연수구 송도동 송도과학로27번길 55,37.38803691,126.6642625,월세,34.68,202212,"         2,000",            80,31,2016,송도동
인천광역시 연수구 송도동 송도과학로27번길 55,37.38803691,126.6642625,전세,34.68,202212,"        17,000",             0,9,2016,송도동
인천광역시 연수구 송도동 송도과학로27번길 55,37.38803691,126.6642625,전세,34.68,202212,"        16,500",             0,31,2016,송도동
인천광역시 연수구 송도동 송도과학로27번길 55,37.38803691,126.6642625,전세,34.68,202212,"        17,000",             0,14,2016,송도동
인천광역시 연수구 송도동 송도과학로27번길 55,37.38803691,126.6642625,월세,26.32,202212,"         2,000",            45,9,2016,송도동
인천광역시 연수구 송도동 송도과학로27번길 55,37.38803691,126.6642625,전세,34.55,202212,"        15,500",             0,13,2016,송도동
인천광역시 연수구 송도동 송도과학로27번길 55,37.38803691,126.6642625,월세,34.68,202212,"         3,150",            54,26,2016,송도동
인천광역시 연수구 송도동 송도과학로27번길 55,37.38803691,126.6642625,전세,29.83,202212,"        15,000",             0,10,2016,송도동
인천광역시 연수구 송도동 송도과학로27번길 55,37.38803691,126.6642625,전세,33.42,202212,"        17,300",             0,44,2016,송도동
인천광역시 연수구 송도동 송도과학로27번길 55,37.38803691,126.6642625,월세,34.68,202212,"         1,000",            75,32,2016,송도동
인천광역시 연수구 송도동 송도과학로27번길 55,37.38803691,126.6642625,전세,34.68,202212,"        15,500",             0,5,2016,송도동
인천광역시 연수구 송도동 송도과학로27번길 55,37.38803691,126.6642625,전세,34.68,202212,"        16,500",             0,19,2016,송도동
인천광역시 연수구 송도동 송도과학로27번길 55,37.38803691,126.6642625,월세,27.16,202212,           500,            57,7,2016,송도동
인천광역시 연수구 송도동 송도과학로27번길 55,37.38803691,126.6642625,전세,26.6,202212,"        15,000",             0,25,2016,송도동
인천광역시 연수구 송도동 송도과학로27번길 55,37.38803691,126.6642625,전세,34.68,202212,"        16,000",             0,8,2016,송도동
인천광역시 연수구 송도동 송도과학로27번길 55,37.38803691,126.6642625,전세,34.68,202212,"        16,500",             0,18,2016,송도동
인천광역시 연수구 송도동 송도과학로27번길 55,37.38803691,126.6642625,월세,26.6,202212,           500,            58,8,2016,송도동
인천광역시 연수구 송도동 송도과학로27번길 55,37.38803691,126.6642625,전세,34.68,202212,"        16,000",             0,30,2016,송도동
인천광역시 연수구 송도동 송도과학로27번길 55,37.38803691,126.6642625,전세,34.68,202212,"        17,850",             0,27,2016,송도동
인천광역시 연수구 송도동 송도과학로27번길 55,37.38803691,126.6642625,월세,34.68,202212,"         6,000",            40,30,2016,송도동
인천광역시 연수구 송도동 송도과학로27번길 55,37.38803691,126.6642625,전세,34.68,202212,"        16,000",             0,8,2016,송도동
인천광역시 연수구 송도동 송도과학로27번길 55,37.38803691,126.6642625,월세,33.34,202212,"         1,000",            70,5,2016,송도동
인천광역시 연수구 송도동 송도과학로27번길 55,37.38803691,126.6642625,전세,33.34,202212,"        16,500",             0,7,2016,송도동
인천광역시 연수구 송도동 송도과학로27번길 55,37.38803691,126.6642625,전세,33.42,202212,"        17,000",             0,30,2016,송도동
인천광역시 연수구 송도동 송도과학로27번길 55,37.38803691,126.6642625,월세,34.68,202212,"         5,000",            55,43,2016,송도동
인천광역시 연수구 송도동 송도과학로27번길 55,37.38803691,126.6642625,전세,26.6,202212,"        15,000",             0,25,2016,송도동
인천광역시 연수구 송도동 송도과학로27번길 55,37.38803691,126.6642625,전세,34.55,202212,"        16,500",             0,9,2016,송도동
인천광역시 연수구 송도동 송도과학로27번길 55,37.38803691,126.6642625,전세,34.68,202212,"        15,500",             0,5,2016,송도동
인천광역시 연수구 송도동 송도과학로27번길 55,37.38803691,126.6642625,전세,34.55,202212,"        16,100",             0,14,2016,송도동
인천광역시 연수구 송도동 송도과학로27번길 55,37.38803691,126.6642625,전세,34.68,202212,"        16,500",             0,27,2016,송도동
인천광역시 연수구 송도동 송도과학로27번길 55,37.38803691,126.6642625,전세,34.55,202212,"        16,800",             0,14,2016,송도동
인천광역시 연수구 송도동 송도과학로27번길 55,37.38803691,126.6642625,월세,26.6,202212,           500,            60,25,2016,송도동
인천광역시 연수구 송도동 송도과학로27번길 55,37.38803691,126.6642625,전세,34.55,202212,"        17,000",             0,13,2016,송도동
인천광역시 연수구 송도동 송도과학로27번길 55,37.38803691,126.6642625,월세,34.68,202212,"         9,000",            42,23,2016,송도동
인천광역시 연수구 송도동 송도과학로27번길 55,37.38803691,126.6642625,월세,34.68,202212,           500,            66,6,2016,송도동
인천광역시 연수구 송도동 송도과학로27번길 55,37.38803691,126.6642625,전세,34.68,202212,"        17,000",             0,15,2016,송도동
인천광역시 연수구 송도동 송도과학로27번길 55,37.38803691,126.6642625,월세,34.55,202212,           500,            55,13,2016,송도동
인천광역시 연수구 송도동 송도과학로27번길 55,37.38803691,126.6642625,월세,34.68,202212,"         3,000",            58,13,2016,송도동
인천광역시 연수구 송도동 송도과학로27번길 55,37.38803691,126.6642625,월세,34.55,202212,           500,            58,13,2016,송도동
인천광역시 연수구 송도동 송도과학로27번길 55,37.38803691,126.6642625,월세,34.68,202212,           500,            78,29,2016,송도동
인천광역시 연수구 송도동 송도과학로27번길 55,37.38803691,126.6642625,전세,33.42,202212,"        17,600",             0,33,2016,송도동
인천광역시 연수구 송도동 송도과학로27번길 55,37.38803691,126.6642625,전세,26.6,202212,"        14,500",             0,17,2016,송도동
인천광역시 연수구 송도동 하모니로188번길 17,37.38167194,126.6399346,전세,28.94,202209,"        15,750",             0,15,2020,송도동
인천광역시 연수구 송도동 하모니로188번길 17,37.38167194,126.6399346,전세,28.94,202209,"        15,750",             0,19,2020,송도동
인천광역시 연수구 송도동 하모니로188번길 17,37.38167194,126.6399346,전세,28.94,202209,"        16,000",             0,16,2020,송도동
인천광역시 연수구 송도동 하모니로188번길 17,37.38167194,126.6399346,전세,28.94,202209,"        14,700",             0,5,2020,송도동
인천광역시 연수구 송도동 하모니로188번길 17,37.38167194,126.6399346,전세,30.08,202210,"        15,750",             0,20,2020,송도동
인천광역시 연수구 송도동 하모니로188번길 17,37.38167194,126.6399346,월세,28.94,202210,"         1,000",            46,12,2020,송도동
인천광역시 연수구 송도동 하모니로188번길 17,37.38167194,126.6399346,전세,28.94,202210,"        16,000",             0,8,2020,송도동
인천광역시 연수구 송도동 하모니로188번길 17,37.38167194,126.6399346,전세,28.94,202210,"        14,700",             0,11,2020,송도동
인천광역시 연수구 송도동 하모니로188번길 17,37.38167194,126.6399346,전세,28.94,202210,"        15,750",             0,11,2020,송도동
인천광역시 연수구 송도동 하모니로188번길 17,37.38167194,126.6399346,전세,28.94,202210,"        17,000",             0,18,2020,송도동
인천광역시 연수구 송도동 하모니로188번길 17,37.38167194,126.6399346,전세,28.94,202211,"        16,000",             0,18,2020,송도동
인천광역시 연수구 송도동 하모니로188번길 17,37.38167194,126.6399346,전세,28.94,202211,"        14,700",             0,11,2020,송도동
인천광역시 연수구 송도동 하모니로188번길 17,37.38167194,126.6399346,전세,30.08,202211,"        15,000",             0,15,2020,송도동
인천광역시 연수구 송도동 하모니로188번길 17,37.38167194,126.6399346,전세,28.94,202211,"        15,750",             0,7,2020,송도동
인천광역시 연수구 송도동 하모니로188번길 17,37.38167194,126.6399346,전세,30.08,202211,"        15,750",             0,21,2020,송도동
인천광역시 연수구 송도동 하모니로188번길 17,37.38167194,126.6399346,전세,28.94,202211,"        17,000",             0,19,2020,송도동
인천광역시 연수구 송도동 하모니로188번길 17,37.38167194,126.6399346,전세,28.94,202211,"        15,750",             0,21,2020,송도동
인천광역시 연수구 송도동 하모니로188번길 17,37.38167194,126.6399346,월세,28.94,202211,"        10,500",            21,18,2020,송도동
인천광역시 연수구 송도동 하모니로188번길 17,37.38167194,126.6399346,전세,28.94,202211,"        15,750",             0,6,2020,송도동
인천광역시 연수구 송도동 하모니로188번길 17,37.38167194,126.6399346,전세,30.08,202211,"        16,000",             0,10,2020,송도동
인천광역시 연수구 송도동 하모니로188번길 17,37.38167194,126.6399346,전세,30.08,202212,"        15,800",             0,11,2020,송도동
인천광역시 연수구 송도동 하모니로188번길 17,37.38167194,126.6399346,전세,28.94,202212,"        15,200",             0,14,2020,송도동
인천광역시 연수구 송도동 하모니로188번길 17,37.38167194,126.6399346,월세,28.94,202212,"         1,000",            62,7,2020,송도동
인천광역시 연수구 송도동 하모니로188번길 17,37.38167194,126.6399346,전세,28.94,202212,"        14,700",             0,18,2020,송도동
인천광역시 연수구 송도동 하모니로188번길 17,37.38167194,126.6399346,월세,28.94,202212,           500,            58,9,2020,송도동
인천광역시 연수구 송도동 하모니로188번길 17,37.38167194,126.6399346,전세,30.08,202212,"        16,000",             0,13,2020,송도동
인천광역시 연수구 송도동 하모니로188번길 17,37.38167194,126.6399346,전세,28.94,202212,"        16,275",             0,17,2020,송도동
인천광역시 연수구 송도동 하모니로188번길 17,37.38167194,126.6399346,전세,30.08,202212,"        15,225",             0,7,2020,송도동
인천광역시 연수구 송도동 하모니로188번길 17,37.38167194,126.6399346,전세,30.08,202212,"        16,000",             0,21,2020,송도동
인천광역시 연수구 송도동 하모니로188번길 17,37.38167194,126.6399346,전세,28.94,202212,"        15,700",             0,13,2020,송도동
인천광역시 연수구 송도동 하모니로188번길 17,37.38167194,126.6399346,전세,28.94,202212,"        16,200",             0,12,2020,송도동
인천광역시 연수구 송도동 컨벤시아대로42번길 20,37.40002685,126.6502367,월세,28.09,202209,"         3,000",            45,2,2012,송도동
인천광역시 연수구 송도동 컨벤시아대로42번길 20,37.40002685,126.6502367,월세,58.42,202209,"         1,000",           100,2,2012,송도동
인천광역시 연수구 송도동 컨벤시아대로42번길 20,37.40002685,126.6502367,월세,44.73,202209,"         3,500",            70,5,2012,송도동
인천광역시 연수구 송도동 컨벤시아대로42번길 20,37.40002685,126.6502367,전세,65.74,202209,"        20,000",             0,4,2012,송도동
인천광역시 연수구 송도동 컨벤시아대로42번길 20,37.40002685,126.6502367,전세,28.09,202210,"        10,500",             0,5,2012,송도동
인천광역시 연수구 송도동 컨벤시아대로42번길 20,37.40002685,126.6502367,전세,65.74,202212,"        17,000",             0,2,2012,송도동
인천광역시 연수구 송도동 송도국제대로 261,37.37435195,126.6531653,전세,84.99,202209,"        28,000",             0,7,2018,송도동
인천광역시 연수구 송도동 송도국제대로 261,37.37435195,126.6531653,전세,84.99,202209,"        26,200",             0,9,2018,송도동
인천광역시 연수구 송도동 송도국제대로 261,37.37435195,126.6531653,월세,84.99,202209,"         2,000",           135,24,2018,송도동
인천광역시 연수구 송도동 송도국제대로 261,37.37435195,126.6531653,전세,84.98,202209,"        21,499",             0,25,2018,송도동
인천광역시 연수구 송도동 송도국제대로 261,37.37435195,126.6531653,전세,84.99,202210,"        28,000",             0,25,2018,송도동
인천광역시 연수구 송도동 송도국제대로 261,37.37435195,126.6531653,전세,84.98,202211,"        21,000",             0,9,2018,송도동
인천광역시 연수구 송도동 송도국제대로 261,37.37435195,126.6531653,전세,84.99,202212,"        22,000",             0,6,2018,송도동
인천광역시 연수구 송도동 해돋이로 107,37.38960595,126.648814,전세,49.36,202209,"        14,175",             0,5,2009,송도동
인천광역시 연수구 송도동 해돋이로 107,37.38960595,126.648814,전세,48.86,202209,"        15,000",             0,5,2009,송도동
인천광역시 연수구 송도동 인천타워대로 257,37.39351506,126.6321878,월세,22.1,202209,           500,            50,10,2019,송도동
인천광역시 연수구 송도동 인천타워대로 257,37.39351506,126.6321878,전세,22.35,202209,"        13,650",             0,6,2019,송도동
인천광역시 연수구 송도동 인천타워대로 257,37.39351506,126.6321878,전세,22.1,202209,"        11,550",             0,11,2019,송도동
인천광역시 연수구 송도동 인천타워대로 257,37.39351506,126.6321878,전세,48.06,202209,"        20,900",             0,10,2019,송도동
인천광역시 연수구 송도동 인천타워대로 257,37.39351506,126.6321878,월세,22.1,202209,           500,            42,9,2019,송도동
인천광역시 연수구 송도동 인천타워대로 257,37.39351506,126.6321878,월세,22.35,202209,           500,            65,15,2019,송도동
인천광역시 연수구 송도동 인천타워대로 257,37.39351506,126.6321878,전세,46.83,202209,"        23,000",             0,10,2019,송도동
인천광역시 연수구 송도동 인천타워대로 257,37.39351506,126.6321878,전세,47.51,202209,"        22,000",             0,14,2019,송도동
인천광역시 연수구 송도동 인천타워대로 257,37.39351506,126.6321878,월세,22.35,202209,           500,            46,12,2019,송도동
인천광역시 연수구 송도동 인천타워대로 257,37.39351506,126.6321878,전세,22.1,202209,"        15,000",             0,13,2019,송도동
인천광역시 연수구 송도동 인천타워대로 257,37.39351506,126.6321878,월세,47.51,202210,"        10,000",            65,7,2019,송도동
인천광역시 연수구 송도동 인천타워대로 257,37.39351506,126.6321878,월세,22.62,202210,           500,            47,12,2019,송도동
인천광역시 연수구 송도동 인천타워대로 257,37.39351506,126.6321878,월세,22.12,202210,           500,            49,12,2019,송도동
인천광역시 연수구 송도동 인천타워대로 257,37.39351506,126.6321878,전세,47.94,202210,"        20,000",             0,14,2019,송도동
인천광역시 연수구 송도동 인천타워대로 257,37.39351506,126.6321878,월세,22.1,202210,           500,            70,10,2019,송도동
인천광역시 연수구 송도동 인천타워대로 257,37.39351506,126.6321878,월세,22.1,202210,           500,            65,14,2019,송도동
인천광역시 연수구 송도동 인천타워대로 257,37.39351506,126.6321878,전세,47.51,202210,"        24,000",             0,7,2019,송도동
인천광역시 연수구 송도동 인천타워대로 257,37.39351506,126.6321878,전세,22.1,202211,"         9,371",             0,8,2019,송도동
인천광역시 연수구 송도동 인천타워대로 257,37.39351506,126.6321878,월세,22.1,202211,           500,            65,7,2019,송도동
인천광역시 연수구 송도동 인천타워대로 257,37.39351506,126.6321878,월세,22.35,202211,           300,            44,8,2019,송도동
인천광역시 연수구 송도동 인천타워대로 257,37.39351506,126.6321878,월세,22.1,202211,           500,            52,9,2019,송도동
인천광역시 연수구 송도동 인천타워대로 257,37.39351506,126.6321878,월세,48.06,202211,"         1,000",            83,9,2019,송도동
인천광역시 연수구 송도동 인천타워대로 257,37.39351506,126.6321878,전세,22.62,202211,"        11,025",             0,6,2019,송도동
인천광역시 연수구 송도동 인천타워대로 257,37.39351506,126.6321878,전세,22.35,202211,"         9,923",             0,13,2019,송도동
인천광역시 연수구 송도동 인천타워대로 257,37.39351506,126.6321878,월세,48.06,202211,           525,            93,7,2019,송도동
인천광역시 연수구 송도동 인천타워대로 257,37.39351506,126.6321878,전세,47.51,202211,"        22,000",             0,14,2019,송도동
인천광역시 연수구 송도동 인천타워대로 257,37.39351506,126.6321878,월세,22.12,202212,           500,            60,8,2019,송도동
인천광역시 연수구 송도동 인천타워대로 257,37.39351506,126.6321878,월세,22.35,202212,           100,            90,11,2019,송도동
인천광역시 연수구 송도동 인천타워대로 257,37.39351506,126.6321878,월세,22.1,202212,           500,            65,6,2019,송도동
인천광역시 연수구 송도동 인천타워대로 257,37.39351506,126.6321878,전세,22.1,202212,"         9,805",             0,6,2019,송도동
인천광역시 연수구 송도동 인천타워대로 257,37.39351506,126.6321878,전세,22.35,202212,"        14,000",             0,11,2019,송도동
인천광역시 연수구 송도동 인천타워대로 257,37.39351506,126.6321878,전세,22.35,202212,"        13,500",             0,7,2019,송도동
인천광역시 연수구 송도동 인천타워대로 257,37.39351506,126.6321878,월세,22.62,202301,           500,            65,11,2019,송도동
인천광역시 연수구 송도동 하모니로138번길 11,37.38459942,126.6423987,전세,27.1,202209,"        18,500",             0,12,2019,송도동
인천광역시 연수구 송도동 하모니로138번길 11,37.38459942,126.6423987,전세,18.54,202209,"         8,800",             0,7,2019,송도동
인천광역시 연수구 송도동 하모니로138번길 11,37.38459942,126.6423987,월세,18.54,202209,           500,            33,13,2019,송도동
인천광역시 연수구 송도동 하모니로138번길 11,37.38459942,126.6423987,전세,18.54,202209,"        12,600",             0,19,2019,송도동
인천광역시 연수구 송도동 하모니로138번길 11,37.38459942,126.6423987,월세,18.54,202209,           500,            32,14,2019,송도동
인천광역시 연수구 송도동 하모니로138번길 11,37.38459942,126.6423987,전세,27.1,202209,"        13,230",             0,12,2019,송도동
인천광역시 연수구 송도동 하모니로138번길 11,37.38459942,126.6423987,월세,18.54,202209,"         8,000",            23,8,2019,송도동
인천광역시 연수구 송도동 하모니로138번길 11,37.38459942,126.6423987,전세,18.54,202209,"        14,500",             0,22,2019,송도동
인천광역시 연수구 송도동 하모니로138번길 11,37.38459942,126.6423987,전세,27.1,202209,"        12,720",             0,14,2019,송도동
인천광역시 연수구 송도동 하모니로138번길 11,37.38459942,126.6423987,월세,26.27,202209,           500,            75,13,2019,송도동
인천광역시 연수구 송도동 하모니로138번길 11,37.38459942,126.6423987,월세,27.1,202209,           500,            52,18,2019,송도동
인천광역시 연수구 송도동 하모니로138번길 11,37.38459942,126.6423987,전세,23.72,202209,"         9,923",             0,5,2019,송도동
인천광역시 연수구 송도동 하모니로138번길 11,37.38459942,126.6423987,전세,18.54,202209,"        13,000",             0,24,2019,송도동
인천광역시 연수구 송도동 하모니로138번길 11,37.38459942,126.6423987,월세,23.72,202210,           500,            46,21,2019,송도동
인천광역시 연수구 송도동 하모니로138번길 11,37.38459942,126.6423987,전세,23.72,202210,"        14,300",             0,17,2019,송도동
인천광역시 연수구 송도동 하모니로138번길 11,37.38459942,126.6423987,전세,27.1,202210,"        16,500",             0,8,2019,송도동
인천광역시 연수구 송도동 하모니로138번길 11,37.38459942,126.6423987,전세,27.1,202210,"        13,200",             0,24,2019,송도동
인천광역시 연수구 송도동 하모니로138번길 11,37.38459942,126.6423987,전세,18.54,202210,"         9,371",             0,9,2019,송도동
인천광역시 연수구 송도동 하모니로138번길 11,37.38459942,126.6423987,월세,27.1,202210,"         1,000",            80,5,2019,송도동
인천광역시 연수구 송도동 하모니로138번길 11,37.38459942,126.6423987,전세,23.72,202210,"        13,650",             0,6,2019,송도동
인천광역시 연수구 송도동 하모니로138번길 11,37.38459942,126.6423987,전세,27.1,202210,"        16,500",             0,13,2019,송도동
인천광역시 연수구 송도동 하모니로138번길 11,37.38459942,126.6423987,전세,27.1,202210,"        17,000",             0,24,2019,송도동
인천광역시 연수구 송도동 하모니로138번길 11,37.38459942,126.6423987,월세,18.54,202210,           500,            65,12,2019,송도동
인천광역시 연수구 송도동 하모니로138번길 11,37.38459942,126.6423987,월세,27.1,202210,           500,            52,20,2019,송도동
인천광역시 연수구 송도동 하모니로138번길 11,37.38459942,126.6423987,전세,27.1,202210,"        16,500",             0,16,2019,송도동
인천광역시 연수구 송도동 하모니로138번길 11,37.38459942,126.6423987,월세,23.72,202210,           500,            70,23,2019,송도동
인천광역시 연수구 송도동 하모니로138번길 11,37.38459942,126.6423987,전세,18.54,202210,"        14,500",             0,21,2019,송도동
인천광역시 연수구 송도동 하모니로138번길 11,37.38459942,126.6423987,월세,23.72,202210,           500,            70,23,2019,송도동
인천광역시 연수구 송도동 하모니로138번길 11,37.38459942,126.6423987,전세,27.1,202210,"        11,025",             0,7,2019,송도동
인천광역시 연수구 송도동 하모니로138번길 11,37.38459942,126.6423987,전세,27.1,202210,"        11,025",             0,8,2019,송도동
인천광역시 연수구 송도동 하모니로138번길 11,37.38459942,126.6423987,전세,27.1,202210,"        15,400",             0,19,2019,송도동
인천광역시 연수구 송도동 하모니로138번길 11,37.38459942,126.6423987,전세,27.1,202210,"        18,500",             0,22,2019,송도동
인천광역시 연수구 송도동 하모니로138번길 11,37.38459942,126.6423987,전세,26.27,202210,"        16,500",             0,11,2019,송도동
인천광역시 연수구 송도동 하모니로138번길 11,37.38459942,126.6423987,전세,27.1,202210,"        12,734",             0,11,2019,송도동
인천광역시 연수구 송도동 하모니로138번길 11,37.38459942,126.6423987,월세,18.54,202210,           500,            60,16,2019,송도동
인천광역시 연수구 송도동 하모니로138번길 11,37.38459942,126.6423987,전세,27.1,202211,"        15,000",             0,23,2019,송도동
인천광역시 연수구 송도동 하모니로138번길 11,37.38459942,126.6423987,월세,27.1,202211,           500,            85,21,2019,송도동
인천광역시 연수구 송도동 하모니로138번길 11,37.38459942,126.6423987,월세,27.1,202211,"         3,000",            68,24,2019,송도동
인천광역시 연수구 송도동 하모니로138번길 11,37.38459942,126.6423987,전세,23.72,202211,"        15,000",             0,4,2019,송도동
인천광역시 연수구 송도동 하모니로138번길 11,37.38459942,126.6423987,전세,18.54,202211,"         9,900",             0,6,2019,송도동
인천광역시 연수구 송도동 하모니로138번길 11,37.38459942,126.6423987,월세,27.1,202211,           500,            80,9,2019,송도동
인천광역시 연수구 송도동 하모니로138번길 11,37.38459942,126.6423987,월세,26.27,202211,"         1,000",            85,16,2019,송도동
인천광역시 연수구 송도동 하모니로138번길 11,37.38459942,126.6423987,월세,18.54,202211,"         2,000",            50,19,2019,송도동
인천광역시 연수구 송도동 하모니로138번길 11,37.38459942,126.6423987,월세,18.54,202211,           500,            65,23,2019,송도동
인천광역시 연수구 송도동 하모니로138번길 11,37.38459942,126.6423987,전세,18.54,202211,"        11,025",             0,21,2019,송도동
인천광역시 연수구 송도동 하모니로138번길 11,37.38459942,126.6423987,월세,18.54,202211,           500,            65,9,2019,송도동
인천광역시 연수구 송도동 하모니로138번길 11,37.38459942,126.6423987,전세,18.54,202211,"        12,000",             0,15,2019,송도동
인천광역시 연수구 송도동 하모니로138번길 11,37.38459942,126.6423987,전세,23.72,202211,"        19,000",             0,4,2019,송도동
인천광역시 연수구 송도동 하모니로138번길 11,37.38459942,126.6423987,전세,18.54,202211,"        12,000",             0,14,2019,송도동
인천광역시 연수구 송도동 하모니로138번길 11,37.38459942,126.6423987,전세,27.1,202211,"        11,000",             0,13,2019,송도동
인천광역시 연수구 송도동 하모니로138번길 11,37.38459942,126.6423987,전세,23.72,202211,"        11,630",             0,14,2019,송도동
인천광역시 연수구 송도동 하모니로138번길 11,37.38459942,126.6423987,전세,27.1,202211,"        15,000",             0,20,2019,송도동
인천광역시 연수구 송도동 하모니로138번길 11,37.38459942,126.6423987,월세,23.72,202211,           500,            70,8,2019,송도동
인천광역시 연수구 송도동 하모니로138번길 11,37.38459942,126.6423987,전세,18.54,202211,"        12,000",             0,7,2019,송도동
인천광역시 연수구 송도동 하모니로138번길 11,37.38459942,126.6423987,월세,27.1,202212,           500,            46,6,2019,송도동
인천광역시 연수구 송도동 하모니로138번길 11,37.38459942,126.6423987,전세,27.1,202212,"        15,000",             0,5,2019,송도동
인천광역시 연수구 송도동 하모니로138번길 11,37.38459942,126.6423987,전세,18.54,202212,"        14,000",             0,11,2019,송도동
인천광역시 연수구 송도동 하모니로138번길 11,37.38459942,126.6423987,월세,27.1,202212,"         1,000",            49,22,2019,송도동
인천광역시 연수구 송도동 하모니로138번길 11,37.38459942,126.6423987,전세,18.54,202212,"        12,000",             0,4,2019,송도동
인천광역시 연수구 송도동 하모니로138번길 11,37.38459942,126.6423987,전세,27.1,202212,"        15,500",             0,6,2019,송도동
인천광역시 연수구 송도동 하모니로138번길 11,37.38459942,126.6423987,전세,27.1,202212,"        14,330",             0,12,2019,송도동
인천광역시 연수구 송도동 하모니로138번길 11,37.38459942,126.6423987,전세,18.54,202212,"        13,500",             0,16,2019,송도동
인천광역시 연수구 송도동 하모니로138번길 11,37.38459942,126.6423987,전세,18.54,202212,"        13,000",             0,8,2019,송도동
인천광역시 연수구 송도동 하모니로138번길 11,37.38459942,126.6423987,전세,18.54,202212,"        13,000",             0,20,2019,송도동
인천광역시 연수구 송도동 하모니로138번길 11,37.38459942,126.6423987,월세,18.54,202212,           500,            60,10,2019,송도동
인천광역시 연수구 송도동 하모니로138번길 11,37.38459942,126.6423987,전세,18.54,202212,"         9,922",             0,9,2019,송도동
인천광역시 연수구 송도동 하모니로138번길 11,37.38459942,126.6423987,전세,26.27,202212,"        16,500",             0,15,2019,송도동
인천광역시 연수구 송도동 하모니로138번길 11,37.38459942,126.6423987,전세,27.1,202212,"        12,600",             0,20,2019,송도동
인천광역시 연수구 송도동 하모니로138번길 11,37.38459942,126.6423987,전세,27.1,202212,"        17,000",             0,24,2019,송도동
인천광역시 연수구 송도동 하모니로138번길 11,37.38459942,126.6423987,전세,23.72,202212,"        15,000",             0,9,2019,송도동
인천광역시 연수구 송도동 하모니로138번길 11,37.38459942,126.6423987,월세,18.54,202212,           500,            65,19,2019,송도동
인천광역시 연수구 송도동 하모니로138번길 11,37.38459942,126.6423987,월세,18.54,202212,           500,            60,14,2019,송도동
인천광역시 연수구 송도동 하모니로138번길 11,37.38459942,126.6423987,전세,27.1,202212,"        16,500",             0,12,2019,송도동
인천광역시 연수구 송도동 컨벤시아대로42번길 8,37.39862127,126.6519433,전세,57.41,202209,"        17,000",             0,5,2009,송도동
인천광역시 연수구 송도동 컨벤시아대로 50,37.39800788,126.6511249,월세,30.45,202209,"         1,000",            65,6,2010,송도동
인천광역시 연수구 송도동 컨벤시아대로 50,37.39800788,126.6511249,월세,48.29,202210,"         1,000",            85,5,2010,송도동
인천광역시 연수구 송도동 컨벤시아대로 50,37.39800788,126.6511249,전세,49.89,202211,"        16,000",             0,5,2010,송도동
인천광역시 연수구 송도동 컨벤시아대로 50,37.39800788,126.6511249,월세,30.45,202212,"         1,000",            60,4,2010,송도동
인천광역시 연수구 송도동 컨벤시아대로 60,37.39758636,126.6506664,전세,42.65,202210,"        14,700",             0,5,2010,송도동
인천광역시 연수구 송도동 컨벤시아대로 60,37.39758636,126.6506664,월세,48.9,202212,"         5,000",            70,2,2010,송도동
인천광역시 연수구 송도동 컨벤시아대로 60,37.39758636,126.6506664,전세,49.6,202212,"        16,800",             0,5,2010,송도동
인천광역시 연수구 송도동 컨벤시아대로 116,37.39374814,126.6463773,전세,49.56,202209,"        17,600",             0,5,2010,송도동
인천광역시 연수구 송도동 컨벤시아대로 116,37.39374814,126.6463773,전세,48.29,202212,"        17,850",             0,5,2010,송도동
인천광역시 연수구 송도동 컨벤시아대로 126,37.39247736,126.6456466,월세,49.04,202209,"         2,000",           120,4,2010,송도동
인천광역시 연수구 송도동 컨벤시아대로 126,37.39247736,126.6456466,전세,49.04,202209,"        18,375",             0,6,2010,송도동
인천광역시 연수구 송도동 컨벤시아대로 126,37.39247736,126.6456466,전세,42.65,202210,"        16,500",             0,3,2010,송도동
인천광역시 연수구 송도동 컨벤시아대로 126,37.39247736,126.6456466,월세,49.6,202212,"        16,000",            15,6,2010,송도동
인천광역시 연수구 송도동 송도과학로 70,37.38048557,126.66519,전세,22.31,202209,"        13,500",             0,7,2022,송도동
인천광역시 연수구 송도동 송도과학로 70,37.38048557,126.66519,월세,46.89,202209,"         3,000",           120,12,2022,송도동
인천광역시 연수구 송도동 송도과학로 70,37.38048557,126.66519,전세,22.31,202209,"        16,000",             0,18,2022,송도동
인천광역시 연수구 송도동 송도과학로 70,37.38048557,126.66519,전세,22.31,202209,"        13,000",             0,9,2022,송도동
인천광역시 연수구 송도동 송도과학로 70,37.38048557,126.66519,월세,22.31,202209,"         4,000",            30,18,2022,송도동
인천광역시 연수구 송도동 송도과학로 70,37.38048557,126.66519,월세,22.31,202209,"         5,000",            50,8,2022,송도동
인천광역시 연수구 송도동 송도과학로 70,37.38048557,126.66519,전세,22.31,202209,"        13,500",             0,10,2022,송도동
인천광역시 연수구 송도동 송도과학로 70,37.38048557,126.66519,전세,22.31,202209,"        13,500",             0,3,2022,송도동
인천광역시 연수구 송도동 송도과학로 70,37.38048557,126.66519,전세,22.31,202209,"        15,000",             0,10,2022,송도동
인천광역시 연수구 송도동 송도과학로 70,37.38048557,126.66519,전세,47.76,202209,"        24,000",             0,21,2022,송도동
인천광역시 연수구 송도동 송도과학로 70,37.38048557,126.66519,전세,22.31,202210,"        14,000",             0,17,2022,송도동
인천광역시 연수구 송도동 송도과학로 70,37.38048557,126.66519,전세,22.31,202210,"        15,000",             0,3,2022,송도동
인천광역시 연수구 송도동 송도과학로 70,37.38048557,126.66519,월세,22.31,202210,"         5,000",            50,13,2022,송도동
인천광역시 연수구 송도동 송도과학로 70,37.38048557,126.66519,전세,22.31,202210,"        14,000",             0,9,2022,송도동
인천광역시 연수구 송도동 송도과학로 70,37.38048557,126.66519,전세,22.31,202210,"        15,000",             0,18,2022,송도동
인천광역시 연수구 송도동 송도과학로 70,37.38048557,126.66519,월세,47.6,202210,"         5,000",            94,21,2022,송도동
인천광역시 연수구 송도동 송도과학로 70,37.38048557,126.66519,전세,47.76,202210,"        25,000",             0,19,2022,송도동
인천광역시 연수구 송도동 송도과학로 70,37.38048557,126.66519,월세,22.31,202210,           500,            70,13,2022,송도동
인천광역시 연수구 송도동 송도과학로 70,37.38048557,126.66519,전세,22.31,202211,"        15,500",             0,14,2022,송도동
인천광역시 연수구 송도동 송도과학로 70,37.38048557,126.66519,월세,22.31,202211,"         1,000",            70,14,2022,송도동
인천광역시 연수구 송도동 송도과학로 70,37.38048557,126.66519,월세,22.31,202212,           500,            60,8,2022,송도동
인천광역시 연수구 송도동 송도과학로 70,37.38048557,126.66519,월세,22.31,202212,           200,            80,8,2022,송도동
인천광역시 연수구 송도동 송도과학로 70,37.38048557,126.66519,전세,42.83,202212,"        25,000",             0,15,2022,송도동
인천광역시 연수구 송도동 송도과학로 70,37.38048557,126.66519,월세,22.31,202212,"         5,000",            45,16,2022,송도동
인천광역시 연수구 송도동 송도과학로 70,37.38048557,126.66519,월세,22.31,202212,"         5,000",            45,16,2022,송도동
인천광역시 연수구 송도동 송도과학로 70,37.38048557,126.66519,월세,22.31,202212,           500,            70,4,2022,송도동
인천광역시 연수구 송도동 송도과학로 70,37.38048557,126.66519,월세,22.31,202212,           500,            70,10,2022,송도동
인천광역시 연수구 송도동 송도과학로16번길 13-18,37.38102064,126.6608134,전세,26.76,202209,"        12,600",             0,12,2019,송도동
인천광역시 연수구 송도동 송도과학로16번길 13-18,37.38102064,126.6608134,전세,26.17,202209,"        15,500",             0,12,2019,송도동
인천광역시 연수구 송도동 송도과학로16번길 13-18,37.38102064,126.6608134,월세,26.76,202209,           500,            55,10,2019,송도동
인천광역시 연수구 송도동 송도과학로16번길 13-18,37.38102064,126.6608134,전세,26.17,202210,"        12,000",             0,11,2019,송도동
인천광역시 연수구 송도동 송도과학로16번길 13-18,37.38102064,126.6608134,전세,26.76,202210,"        13,300",             0,11,2019,송도동
인천광역시 연수구 송도동 송도과학로16번길 13-18,37.38102064,126.6608134,전세,40.37,202210,"        16,800",             0,11,2019,송도동
인천광역시 연수구 송도동 송도과학로16번길 13-18,37.38102064,126.6608134,전세,54.94,202211,"        20,475",             0,11,2019,송도동
인천광역시 연수구 송도동 송도과학로16번길 13-18,37.38102064,126.6608134,월세,40.37,202211,"         1,000",            63,10,2019,송도동
인천광역시 연수구 송도동 송도과학로16번길 13-18,37.38102064,126.6608134,전세,26.76,202212,"        12,600",             0,12,2019,송도동
인천광역시 연수구 송도동 송도과학로16번길 13-18,37.38102064,126.6608134,전세,54.94,202212,"        18,900",             0,11,2019,송도동
인천광역시 연수구 송도동 아트센터대로 203,37.39520389,126.6312871,전세,25.78,202209,"        13,000",             0,6,2015,송도동
인천광역시 연수구 송도동 아트센터대로 203,37.39520389,126.6312871,전세,25.78,202209,"        12,600",             0,6,2015,송도동
인천광역시 연수구 송도동 아트센터대로 203,37.39520389,126.6312871,전세,25.78,202209,"        13,000",             0,11,2015,송도동
인천광역시 연수구 송도동 아트센터대로 203,37.39520389,126.6312871,전세,30.09,202209,"        15,750",             0,14,2015,송도동
인천광역시 연수구 송도동 아트센터대로 203,37.39520389,126.6312871,전세,24.82,202209,"        13,300",             0,25,2015,송도동
인천광역시 연수구 송도동 아트센터대로 203,37.39520389,126.6312871,전세,25.78,202209,"        14,125",             0,27,2015,송도동
인천광역시 연수구 송도동 아트센터대로 203,37.39520389,126.6312871,전세,25.78,202211,"        12,600",             0,11,2015,송도동
인천광역시 연수구 송도동 송도과학로27번길 15,37.38461103,126.6628864,월세,25.52,202209,"         5,000",            34,5,2018,송도동
인천광역시 연수구 송도동 송도과학로27번길 15,37.38461103,126.6628864,월세,26.6,202209,"         1,000",            65,5,2018,송도동
인천광역시 연수구 송도동 송도과학로27번길 15,37.38461103,126.6628864,월세,26.6,202209,"         2,000",            50,4,2018,송도동
인천광역시 연수구 송도동 송도과학로27번길 15,37.38461103,126.6628864,전세,25.52,202209,"        16,500",             0,4,2018,송도동
인천광역시 연수구 송도동 송도과학로27번길 15,37.38461103,126.6628864,전세,27.54,202210,"        15,300",             0,7,2018,송도동
인천광역시 연수구 송도동 송도과학로27번길 15,37.38461103,126.6628864,월세,25.52,202210,"         3,000",            55,6,2018,송도동
인천광역시 연수구 송도동 송도과학로27번길 15,37.38461103,126.6628864,전세,25.52,202210,"        13,650",             0,7,2018,송도동
인천광역시 연수구 송도동 송도과학로27번길 15,37.38461103,126.6628864,전세,27.54,202210,"        14,330",             0,4,2018,송도동
인천광역시 연수구 송도동 송도과학로27번길 15,37.38461103,126.6628864,전세,55.01,202210,"        25,000",             0,3,2018,송도동
인천광역시 연수구 송도동 송도과학로27번길 15,37.38461103,126.6628864,전세,25.52,202210,"        14,300",             0,3,2018,송도동
인천광역시 연수구 송도동 송도과학로27번길 15,37.38461103,126.6628864,월세,25.52,202211,           500,            53,6,2018,송도동
인천광역시 연수구 송도동 송도과학로27번길 15,37.38461103,126.6628864,전세,26.6,202211,"        14,000",             0,5,2018,송도동
인천광역시 연수구 송도동 송도과학로27번길 15,37.38461103,126.6628864,전세,25.52,202211,"        14,550",             0,7,2018,송도동
인천광역시 연수구 송도동 송도과학로27번길 15,37.38461103,126.6628864,전세,26.6,202211,"        13,000",             0,3,2018,송도동
인천광역시 연수구 송도동 송도과학로27번길 15,37.38461103,126.6628864,전세,28.49,202211,"        13,700",             0,4,2018,송도동
인천광역시 연수구 송도동 송도과학로27번길 15,37.38461103,126.6628864,전세,26.6,202211,"        13,650",             0,3,2018,송도동
인천광역시 연수구 송도동 송도과학로27번길 15,37.38461103,126.6628864,월세,27.41,202212,"         2,000",            65,5,2018,송도동
인천광역시 연수구 송도동 송도과학로27번길 15,37.38461103,126.6628864,전세,25.52,202212,"        12,650",             0,5,2018,송도동
인천광역시 연수구 송도동 하모니로 144,37.38445028,126.6435842,월세,25.96,202209,"         1,000",            80,31,2019,송도동
인천광역시 연수구 송도동 하모니로 144,37.38445028,126.6435842,월세,25.77,202209,           500,            55,26,2019,송도동
인천광역시 연수구 송도동 하모니로 144,37.38445028,126.6435842,전세,25.77,202209,"        18,000",             0,16,2019,송도동
인천광역시 연수구 송도동 하모니로 144,37.38445028,126.6435842,전세,75.97,202209,"        33,000",             0,19,2019,송도동
인천광역시 연수구 송도동 하모니로 144,37.38445028,126.6435842,월세,25.96,202209,           500,            80,11,2019,송도동
인천광역시 연수구 송도동 하모니로 144,37.38445028,126.6435842,전세,25.77,202210,"        11,000",             0,8,2019,송도동
인천광역시 연수구 송도동 하모니로 144,37.38445028,126.6435842,월세,25.77,202211,"         3,000",            50,31,2019,송도동
인천광역시 연수구 송도동 인천타워대로 99,37.38117899,126.6423044,월세,34.12,202212,           500,            72,3,2013,송도동
인천광역시 연수구 송도동 인천타워대로 251,37.39313335,126.6328662,월세,31.06,202209,           500,            70,4,2015,송도동
인천광역시 연수구 송도동 인천타워대로 251,37.39313335,126.6328662,전세,27.78,202209,"        13,600",             0,10,2015,송도동
인천광역시 연수구 송도동 인천타워대로 251,37.39313335,126.6328662,전세,28.84,202210,"        12,600",             0,6,2015,송도동
인천광역시 연수구 송도동 인천타워대로 251,37.39313335,126.6328662,전세,30.33,202210,"        13,650",             0,3,2015,송도동
인천광역시 연수구 송도동 인천타워대로 251,37.39313335,126.6328662,전세,29.63,202210,"        14,000",             0,4,2015,송도동
인천광역시 연수구 송도동 인천타워대로 251,37.39313335,126.6328662,전세,29.63,202210,"        14,170",             0,7,2015,송도동
인천광역시 연수구 송도동 인천타워대로 251,37.39313335,126.6328662,전세,27.78,202211,"        12,600",             0,11,2015,송도동
인천광역시 연수구 송도동 인천타워대로 251,37.39313335,126.6328662,전세,30.82,202211,"        14,500",             0,5,2015,송도동
인천광역시 연수구 송도동 인천타워대로 251,37.39313335,126.6328662,전세,31.06,202211,"        14,000",             0,10,2015,송도동
인천광역시 연수구 송도동 인천타워대로 251,37.39313335,126.6328662,전세,30.82,202211,"        13,000",             0,7,2015,송도동
인천광역시 연수구 송도동 인천타워대로 251,37.39313335,126.6328662,월세,28.84,202212,           500,            65,6,2015,송도동
인천광역시 연수구 송도동 인천타워대로 251,37.39313335,126.6328662,전세,28.84,202212,"        12,000",             0,5,2015,송도동
인천광역시 연수구 송도동 인천타워대로 251,37.39313335,126.6328662,전세,31.06,202212,"        12,500",             0,5,2015,송도동
인천광역시 연수구 송도동 인천타워대로 251,37.39313335,126.6328662,월세,28.84,202212,           200,            50,10,2015,송도동
인천광역시 연수구 송도동 인천타워대로 251,37.39313335,126.6328662,전세,31.06,202212,"        16,500",             0,11,2015,송도동
인천광역시 연수구 송도동 인천타워대로 251,37.39313335,126.6328662,전세,31.06,202212,"        15,000",             0,4,2015,송도동
인천광역시 연수구 송도동 인천타워대로 251,37.39313335,126.6328662,월세,39.92,202212,"         1,000",            90,3,2015,송도동
인천광역시 연수구 송도동 신송로118번길 9,37.39620198,126.6529427,전세,34.34,202209,"        11,000",             0,2,2006,송도동
인천광역시 연수구 송도동 신송로118번길 9,37.39620198,126.6529427,전세,50.86,202210,"        10,000",             0,2,2006,송도동
인천광역시 연수구 송도동 신송로118번길 9,37.39620198,126.6529427,전세,49.84,202210,"        13,500",             0,2,2006,송도동
인천광역시 연수구 송도동 컨벤시아대로 70,37.39660246,126.6495914,전세,49.16,202209,"        21,525",             0,10,2011,송도동
인천광역시 연수구 송도동 컨벤시아대로 70,37.39660246,126.6495914,월세,49.16,202210,"        10,000",            50,7,2011,송도동
인천광역시 연수구 송도동 컨벤시아대로 70,37.39660246,126.6495914,전세,49.16,202210,"        21,000",             0,7,2011,송도동
인천광역시 연수구 송도동 컨벤시아대로 70,37.39660246,126.6495914,전세,49.16,202211,"        19,950",             0,10,2011,송도동
인천광역시 연수구 송도동 컨벤시아대로 70,37.39660246,126.6495914,전세,49.16,202212,"        20,000",             0,5,2011,송도동
인천광역시 연수구 송도동 컨벤시아대로 70,37.39660246,126.6495914,월세,49.16,202212,"         1,000",           100,8,2011,송도동
인천광역시 연수구 송도동 컨벤시아대로 80,37.39552968,126.6489412,전세,49.16,202210,"        22,000",             0,4,2011,송도동
인천광역시 연수구 송도동 컨벤시아대로 80,37.39552968,126.6489412,월세,49.16,202211,           500,           100,3,2011,송도동
인천광역시 연수구 송도동 컨벤시아대로 90,37.39495208,126.647839,월세,49.16,202210,"         1,000",           100,8,2011,송도동
인천광역시 연수구 송도동 컨벤시아대로 90,37.39495208,126.647839,전세,49.16,202210,"        20,800",             0,9,2011,송도동
인천광역시 연수구 송도동 컨벤시아대로 90,37.39495208,126.647839,전세,49.16,202210,"        20,000",             0,7,2011,송도동
인천광역시 연수구 송도동 컨벤시아대로 90,37.39495208,126.647839,전세,49.16,202210,"        19,950",             0,3,2011,송도동
인천광역시 연수구 송도동 컨벤시아대로 90,37.39495208,126.647839,전세,49.16,202211,"        18,000",             0,11,2011,송도동
인천광역시 연수구 송도동 컨벤시아대로 90,37.39495208,126.647839,월세,49.16,202212,"         1,000",            85,8,2011,송도동
인천광역시 연수구 송도동 컨벤시아대로 90,37.39495208,126.647839,전세,49.16,202212,"        19,000",             0,6,2011,송도동
인천광역시 연수구 송도동 컨벤시아대로 100,37.39451327,126.6473598,전세,49.16,202209,"        20,895",             0,3,2011,송도동
인천광역시 연수구 송도동 컨벤시아대로 100,37.39451327,126.6473598,월세,49.16,202209,"         1,000",            79,10,2011,송도동
인천광역시 연수구 송도동 컨벤시아대로 100,37.39451327,126.6473598,전세,49.16,202210,"        21,000",             0,9,2011,송도동
인천광역시 연수구 송도동 컨벤시아대로 100,37.39451327,126.6473598,전세,49.16,202211,"        21,000",             0,5,2011,송도동
인천광역시 연수구 송도동 컨벤시아대로 100,37.39451327,126.6473598,전세,49.16,202211,"        20,000",             0,8,2011,송도동
인천광역시 연수구 송도동 컨벤시아대로 100,37.39451327,126.6473598,월세,49.16,202211,"         1,000",            95,7,2011,송도동
인천광역시 연수구 송도동 컨벤시아대로 100,37.39451327,126.6473598,전세,49.16,202212,"        18,000",             0,9,2011,송도동
인천광역시 연수구 송도동 컨벤시아대로 100,37.39451327,126.6473598,전세,49.16,202212,"        18,000",             0,9,2011,송도동
인천광역시 연수구 송도동 아트센터대로 131,37.39935875,126.6368956,월세,45.14,202210,"         5,000",            40,3,2009,송도동
인천광역시 연수구 송도동 아트센터대로 107,37.40073438,126.6388961,전세,44.67,202210,"        12,500",             0,3,2009,송도동
인천광역시 연수구 송도동 아트센터대로 107,37.40073438,126.6388961,월세,71.29,202212,"         2,000",            90,3,2009,송도동
인천광역시 연수구 송도동 아트센터대로 87,37.40215703,126.6404248,월세,70.95,202210,"         1,000",            90,4,2009,송도동
인천광역시 연수구 송도동 센트럴로 415,37.41050721,126.627633,월세,84.04,202209,"        10,000",           100,29,2020,송도동
인천광역시 연수구 송도동 센트럴로 415,37.41050721,126.627633,월세,84.67,202209,"         3,000",           150,39,2020,송도동
인천광역시 연수구 송도동 센트럴로 415,37.41050721,126.627633,월세,84.99,202209,"         3,000",           130,11,2020,송도동
인천광역시 연수구 송도동 센트럴로 415,37.41050721,126.627633,전세,84.46,202209,"        36,750",             0,46,2020,송도동
인천광역시 연수구 송도동 센트럴로 415,37.41050721,126.627633,월세,84.03,202209,"         3,000",           130,22,2020,송도동
인천광역시 연수구 송도동 센트럴로 415,37.41050721,126.627633,전세,84.03,202209,"        25,000",             0,42,2020,송도동
인천광역시 연수구 송도동 센트럴로 415,37.41050721,126.627633,전세,84.91,202209,"        26,000",             0,39,2020,송도동
인천광역시 연수구 송도동 센트럴로 415,37.41050721,126.627633,월세,84.04,202209,"         2,000",           140,24,2020,송도동
인천광역시 연수구 송도동 센트럴로 415,37.41050721,126.627633,전세,84.12,202209,"        27,000",             0,22,2020,송도동
인천광역시 연수구 송도동 센트럴로 415,37.41050721,126.627633,전세,84.04,202209,"        24,000",             0,41,2020,송도동
인천광역시 연수구 송도동 센트럴로 415,37.41050721,126.627633,월세,84.97,202209,"         5,000",           130,28,2020,송도동
인천광역시 연수구 송도동 센트럴로 415,37.41050721,126.627633,월세,84.97,202209,"         5,000",           130,28,2020,송도동
인천광역시 연수구 송도동 센트럴로 415,37.41050721,126.627633,전세,84.31,202209,"        26,000",             0,47,2020,송도동
인천광역시 연수구 송도동 센트럴로 415,37.41050721,126.627633,전세,84.82,202209,"        25,000",             0,35,2020,송도동
인천광역시 연수구 송도동 센트럴로 415,37.41050721,126.627633,월세,84.03,202209,"         2,000",           145,38,2020,송도동
인천광역시 연수구 송도동 센트럴로 415,37.41050721,126.627633,전세,84.28,202210,"        30,000",             0,4,2020,송도동
인천광역시 연수구 송도동 센트럴로 415,37.41050721,126.627633,전세,84.04,202210,"        27,000",             0,32,2020,송도동
인천광역시 연수구 송도동 센트럴로 415,37.41050721,126.627633,전세,84.21,202210,"        25,000",             0,10,2020,송도동
인천광역시 연수구 송도동 센트럴로 415,37.41050721,126.627633,전세,84.03,202211,"        25,000",             0,18,2020,송도동
인천광역시 연수구 송도동 센트럴로 415,37.41050721,126.627633,전세,84.28,202211,"        20,000",             0,32,2020,송도동
인천광역시 연수구 송도동 센트럴로 415,37.41050721,126.627633,전세,84.21,202211,"        20,000",             0,22,2020,송도동
인천광역시 연수구 송도동 센트럴로 415,37.41050721,126.627633,월세,84.01,202212,"         2,000",           120,45,2020,송도동
인천광역시 연수구 송도동 센트럴로 415,37.41050721,126.627633,전세,84.03,202212,"        22,000",             0,22,2020,송도동
인천광역시 연수구 연수동 용담로117번길 41,37.41658056,126.6785945,월세,28.48,202210,           300,            35,4,2003,연수동
인천광역시 연수구 연수동 용담로117번길 41,37.41658056,126.6785945,전세,44.25,202211,"         7,000",             0,9,2003,연수동
인천광역시 연수구 연수동 먼우금로 194,37.41433314,126.6769905,월세,26.98,202209,"         5,000",            20,11,2003,연수동
인천광역시 연수구 연수동 먼우금로 194,37.41433314,126.6769905,월세,39.2,202210,"         1,000",            50,10,2003,연수동
인천광역시 연수구 연수동 먼우금로 194,37.41433314,126.6769905,월세,26.98,202211,           500,            40,6,2003,연수동
인천광역시 연수구 연수동 먼우금로 194,37.41433314,126.6769905,월세,29.11,202211,           300,            40,6,2003,연수동
인천광역시 연수구 연수동 먼우금로 194,37.41433314,126.6769905,월세,26.98,202211,           500,            40,8,2003,연수동
인천광역시 연수구 연수동 먼우금로 194,37.41433314,126.6769905,월세,26.98,202212,           500,            40,8,2003,연수동
인천광역시 연수구 연수동 용담로125번길 41,37.41577244,126.6798203,월세,33.22,202211,           500,            40,6,2003,연수동
인천광역시 연수구 연수동 벚꽃로 130-3,37.41620897,126.6801185,월세,46.73,202209,"         1,000",            65,8,2011,연수동
인천광역시 연수구 연수동 벚꽃로 130-4,37.41646976,126.6792528,전세,87.86,202209,"        22,500",             0,10,2011,연수동
인천광역시 연수구 연수동 벚꽃로 130-4,37.41646976,126.6792528,전세,47.47,202209,"        10,500",             0,10,2011,연수동
인천광역시 연수구 연수동 먼우금로 218,37.41647766,126.6776655,월세,40.73,202210,"         1,000",            60,6,2011,연수동
인천광역시 연수구 연수동 먼우금로188번길 12,37.41341039,126.6765063,월세,23.46,202210,           300,            35,6,2002,연수동
인천광역시 연수구 연수동 먼우금로222번길 41,37.41590542,126.6796296,전세,10.66,202209,"         2,300",             0,9,2002,연수동
인천광역시 연수구 연수동 먼우금로222번길 41,37.41590542,126.6796296,월세,10.66,202210,           200,            20,7,2002,연수동
인천광역시 연수구 연수동 먼우금로222번길 41,37.41590542,126.6796296,전세,16.39,202212,"         5,000",             0,6,2002,연수동
인천광역시 연수구 옥련동 독배로82번길 27-3,37.42782997,126.6468539,월세,24.96,202210,            50,            33,5,2002,옥련동
인천광역시 연수구 옥련동 독배로90번길 42-10,37.42788214,126.6474632,월세,35.04,202210,           500,            40,5,2002,옥련동
인천광역시 연수구 옥련동 능허대로179번길 27,37.41991283,126.65053,전세,57.6,202211,"        13,000",             0,4,2014,옥련동
