일련번호,종류,의료기관명,도로명주소,전화번호,위도,경도,동구분
1,병원,송도연세병원,"인천광역시 연수구 신송로 157-9, 기은빌딩 3~8층 (송도동)",032-832-5488,126.6487032,37.39696112,송도동
2,한방병원,토탈케어한방병원,"인천광역시 연수구 청능대로 109, 탑피온빌딩 10층 1001호, 11층 1호 (연수동)",032-715-5667,126.6767189,37.41298643,연수동
3,한방병원,다나음한방병원,"인천광역시 연수구 먼우금로222번길 13, 지상1~5층 (연수동)",032-813-1070,126.6784258,37.41675425,연수동
4,한방병원,자양한방병원,"인천광역시 연수구 신송로 154, 더 제니스 4층 401호 (송도동)",032-255-1000,126.6497661,37.39777909,송도동
5,한방병원,송도한방병원,"인천광역시 연수구 하모니로 158, 송도타임스페이스 A동 6층 (송도동)",032-715-5151,126.6421469,37.38419018,송도동
6,병원,송도미소어린이병원,"인천광역시 연수구 하모니로 158, 송도타임스페이스 A동 7,8,9층 (송도동)",032-834-2553,126.6421469,37.38419018,송도동
7,치과병원,서울시카고치과병원,"인천광역시 연수구 컨벤시아대로 81, 701,704호 (송도동, 드림시티)",032-777-1122,126.6501653,37.39494268,송도동
8,요양병원(일반요양병원),로하스인천요양병원,"인천광역시 연수구 벚꽃로 114, 브랫슬 7~8층 (연수동)",032-421-1288,126.6780921,37.41709445,연수동
9,요양병원(일반요양병원),송도베스트요양병원,인천광역시 연수구 옥련로 29 (옥련동),032-859-8588,126.6426854,37.42749155,옥련동
10,치과병원,22세기서울치과병원,"인천광역시 연수구 컨벤시아대로 69, 415호 (송도동, 송도 밀레니엄)",032-858-2080,126.6509557,37.39571542,송도동
11,한방병원,행복한방병원,"인천광역시 연수구 독배로 49, 3,4층 (옥련동, 럭키빌딩)",032-833-0040,126.6443184,37.42508776,옥련동
12,병원,나래병원,"인천광역시 연수구 청능대로 69 (청학동, 연세다나병원)",032-821-0033,126.6741239,37.4160104,청학동
13,요양병원(일반요양병원),송도효자병원,"인천광역시 연수구 능허대로 235 (옥련동, 송도효자병원)",032-832-9900,126.6520143,37.41542663,옥련동
14,병원,경인권역재활병원,인천광역시 연수구 원인재로 263 (연수동),032-899-4591,126.6893673,37.41904081,연수동
15,종합병원,의료법인 나사렛의료재단 나사렛국제병원,"인천광역시 연수구 먼우금로 98 (동춘동, 나사렛국제병원)",032-899-9999,126.6704837,37.40794843,동춘동
16,병원,인천적십자병원,"인천광역시 연수구 원인재로 263 (연수동, 인천적십자병원)",032-899-4000,126.6893673,37.41904081,연수동
17,의원,비엔씨티(BNCT)의원,"인천광역시 연수구 송도미래로 9, 비알씨(주) 연구소 3동 지하1층 B-B101호 (송도동)",,126.6470528,37.37081435,송도동
18,의원,의료법인 이원의료재단 이원의원,인천광역시 연수구 하모니로 291 (송도동),032-210-2270,126.6354748,37.37265829,송도동
19,의원,플로라유외과의원,"인천광역시 연수구 하모니로 158, 송도타임스페이스 B동 5층 504,505호 (송도동)",032-212-3070,126.6421469,37.38419018,송도동
20,의원,노블성형외과의원,"인천광역시 연수구 해돋이로 160-4, 골든게이트 4층 401호 (송도동)",032-508-7007,126.6461744,37.39460296,송도동
21,의원,유쾌한비뇨의학과의원,"인천광역시 연수구 신송로 153, 더 마란츠타워 3층 304호 (송도동)",032-831-8575,126.64915,37.39716984,송도동
22,의원,송도그린소아청소년과의원,"인천광역시 연수구 아트센터대로 87, 커낼워크D4 WINTER 402동 2층 216호 (송도동)",032-212-2066,126.6404248,37.40215703,송도동
23,의원,라베성형외과의원,"인천광역시 연수구 신송로 161, 송도 하이츠 2층 201,202호 (송도동)",032-214-0156,126.6484391,37.39759467,송도동
24,의원,연세마이미의원,"인천광역시 연수구 신송로 166, 7층 (송도동, 플러스원프라자)",032-215-1100,126.6484564,37.39843847,송도동
25,의원,삼성드림이비인후과의원,"인천광역시 연수구 컨벤시아대로 165, 포스코타워-송도 6층 (송도동)",032-224-0365,126.6444436,37.38914175,송도동
26,의원,로이여성의원,"인천광역시 연수구 컨벤시아대로230번길 54, 닥터플러스몰 6층 A614,A615,A616호 (송도동)",032-229-1234,126.6343345,37.38874008,송도동
27,의원,송도본정형외과의원,"인천광역시 연수구 하모니로 158, 송도타임스페이스 A동 2층 202,203,204,205,206,207호 (송도동)",032-214-8275,126.6421469,37.38419018,송도동
28,의원,미래제일산부인과의원,"인천광역시 연수구 먼우금로 189, 501호 (청학동, 소망빌딩)",032-245-0101,126.6758534,37.41462357,청학동
29,의원,송도퍼스트내과의원,"인천광역시 연수구 하모니로 158, 송도타임스페이스 B동 4층 401,402,403,404,405호 (송도동)",032-227-0770,126.6421469,37.38419018,송도동
30,의원,글로벌송도의원,"인천광역시 연수구 송도문화로28번길 28, 203동 210호 (송도동, 글로벌 캠퍼스푸르지오 상가)",032-295-1000,126.6558312,37.3770832,송도동
31,의원,김경태정형외과의원,"인천광역시 연수구 먼우금로 189, 201,202,203일부,204,206,208,210,212,215호 2층 (청학동)",032-229-0123,126.6758534,37.41462357,청학동
32,의원,한양마취통증의학과의원,"인천광역시 연수구 독배로40번길 47, 201호 (옥련동, 제일빌딩)",032-257-8275,126.6475313,37.42460261,옥련동
33,의원,세원정형외과의원,"인천광역시 연수구 인천타워대로54번길 9, 에몬스프라자 505,506호 (송도동)",032-421-6530,126.6459726,37.37898729,송도동
34,의원,송도스타피부과의원,"인천광역시 연수구 컨벤시아대로 69, 401호 (송도동, 밀레니엄빌딩)",032-434-2286,126.6509557,37.39571542,송도동
35,의원,드림의원,"인천광역시 연수구 청능대로 210 (동춘동,스퀘어원 3층)",032-456-4330,126.6836222,37.40599741,동춘동
36,의원,송도마취통증의학과의원,"인천광역시 연수구 하모니로36번길 1, 3층 (송도동)",032-465-7588,126.6512508,37.39158932,송도동
37,의원,비엘에스의원,"인천광역시 연수구 컨벤시아대로 81, 704 (일부)호 (송도동, 드림시티)",032-422-1755,126.6501653,37.39494268,송도동
38,의원,연수늘밝은안과의원,"인천광역시 연수구 청능대로 210, 스퀘어원 3층 3208호 (동춘동)",032-456-4370,126.6836222,37.40599741,동춘동
39,의원,송도연세피부과의원,"인천광역시 연수구 해돋이로151번길 4, 5층 502호 (송도동)",032-710-0030,126.6460059,37.39401677,송도동
40,의원,파크뷰의원,"인천광역시 연수구 하모니로 158, 송도타임스페이스 B동 6층 603,604호 (송도동)",032-710-1404,126.6421469,37.38419018,송도동
41,의원,서울꾸러기365의원,"인천광역시 연수구 청능대로 210, 3층 (동춘동, 스퀘어원)",032-456-4375,126.6836222,37.40599741,동춘동
42,의원,브이아이씨(V.I.C)365소아청소년과의원,"인천광역시 연수구 송도국제대로 157, 오네스타 7층 701~710호 (송도동)",032-710-1147,126.656664,37.38094155,송도동
43,의원,송도브레인신경과의원,"인천광역시 연수구 해돋이로151번길 4, 인피니티타워 5층 501호 (송도동)",032-710-7065,126.6460059,37.39401677,송도동
44,의원,고릴라신경외과의원,"인천광역시 연수구 청능대로 93, 이리옴프라자 5층 501호 (청학동)",032-713-5050,126.6756664,37.41431941,청학동
45,의원,건강한내과의원,"인천광역시 연수구 앵고개로 266, 연수2차한양아파트 상가A동 지상1층 (동춘동)",032-715-4567,126.6728198,37.40697151,동춘동
46,의원,송도키즈소아청소년과의원,"인천광역시 연수구 송도문화로28번길 28, 204동 2층 4-201호 (송도동, 송도글로벌캠퍼스푸르지오)",032-713-8112,126.6558312,37.3770832,송도동
47,의원,클렌피부과의원,인천광역시 연수구 신송로 153 (송도동),032-715-4100,126.64915,37.39716984,송도동
48,의원,제이엠의원,"인천광역시 연수구 신송로 154, 더 제니스 2층 209호 (송도동)",032-710-7616,126.6497661,37.39777909,송도동
49,의원,리더스피부과의원,"인천광역시 연수구 센트럴로 194 (송도동, 더샵 센트럴파크2)",032-715-8190,126.6418738,37.39378585,송도동
50,의원,연수비뇨의학과의원,"인천광역시 연수구 앵고개로264번길 10-13, 대동빌딩 2층 (동춘동)",032-715-4545,126.6717609,37.40755899,동춘동
51,의원,닥터킴성형외과의원,"인천광역시 연수구 송도과학로16번길 33-2, 송도 트리플스트리트 B4동 401~402호 (송도동)",032-715-6352,126.6602318,37.38044505,송도동
52,의원,의료법인 정강의료재단 JK위드미의원,"인천광역시 연수구 컨벤시아대로 165, 6층 (송도동)",032-715-7991,126.6444436,37.38914175,송도동
53,의원,다시봄날의원,"인천광역시 연수구 컨벤시아대로130번길 14, 플러스메디타워 4층 401호,402호일부호 (송도동)",032-719-3303,126.6448883,37.392955,송도동
54,의원,송도베스트내과의원,"인천광역시 연수구 송도국제대로 157, 오네스타 6층 A-601,602호 (송도동)",032-716-9797,126.656664,37.38094155,송도동
55,의원,송도연세의원,"인천광역시 연수구 신송로 157-9, 기은빌딩 8층 801호일부호 (송도동)",032-719-7997,126.6487032,37.39696112,송도동
56,의원,송도봄정신건강의학과의원,"인천광역시 연수구 해돋이로151번길 4, 인피니티타워 4층 404호 (송도동)",032-719-7975,126.6460059,37.39401677,송도동
57,의원,오네스타의원,"인천광역시 연수구 송도국제대로 157, 405호일부,406호,407호 (송도동)",032-724-8200,126.656664,37.38094155,송도동
58,의원,송도탑비뇨의학과의원,"인천광역시 연수구 하모니로178번길 22, 송도GTX센트럴 6층 601,602호 (송도동)",032-719-3235,126.6408363,37.383072,송도동
59,의원,송도마디재활의학과의원,"인천광역시 연수구 해돋이로151번길 4, 인피니티타워 4층 401,402호 (송도동)",032-721-8255,126.6460059,37.39401677,송도동
60,의원,홍성표내과의원,"인천광역시 연수구 청능대로 103, 4층 (연수동, BYC건물)",032-811-5810,126.6762619,37.41364664,연수동
61,의원,굿모닝이비인후과의원,"인천광역시 연수구 앵고개로264번길 10-1, 3층 (동춘동)",032-811-3600,126.6722791,37.40719577,동춘동
62,의원,닥터김내과의원,"인천광역시 연수구 용담로 11, 2층 (청학동, 시대아파트상가)",032-811-1001,126.6691275,37.42147906,청학동
63,의원,송도닥터스의원,"인천광역시 연수구 송도국제대로 165 (송도동, 홈플러스송도점 지하1층)",032-812-7338,126.656372,37.38022559,송도동
64,의원,마음과마음정신과의원,"인천광역시 연수구 청능대로 103, 3층 (연수동, 비와이씨빌딩)",032-812-2004,126.6762619,37.41364664,연수동
65,의원,새봄가정의원,"인천광역시 연수구 새말로 32, 2층 (연수동)",032-812-7585,126.6747454,37.42223859,연수동
66,의원,연수의원,"인천광역시 연수구 원인재로 212 (연수동, 시영1차상가)",032-812-7575,126.6866977,37.41426782,연수동
67,의원,한미의원,"인천광역시 연수구 벚꽃로 114, 2층 250-1호 (연수동, 연수브랫슬)",032-812-3223,126.6780921,37.41709445,연수동
68,의원,올리브여성의원,"인천광역시 연수구 학나래로6번길 6, 서천빌딩 (선학동)",032-813-0075,126.6968296,37.42357329,선학동
69,의원,연수성심의원,"인천광역시 연수구 먼우금로 88, 301,302호 (동춘동, 상산빌딩)",032-812-8258,126.670366,37.40673078,동춘동
70,의원,최대경여성의원,인천광역시 연수구 앵고개로 250 (동춘동),032-813-1616,126.6715059,37.40818455,동춘동
71,의원,연수제일정형외과의원,"인천광역시 연수구 학나래로6번길 3, 5층 (선학동)",032-813-6300,126.6968445,37.42397088,선학동
72,의원,연세의원,"인천광역시 연수구 원인재로 315, 204호 (연수동, 주공상가)",032-813-1291,126.6916732,37.42240333,연수동
73,의원,연수제일내과의원,"인천광역시 연수구 학나래로6번길 3, 2층 (선학동)",032-813-8136,126.6968445,37.42397088,선학동
74,의원,장효죽성형외과의원,"인천광역시 연수구 앵고개로 262, 402호 (동춘동, 동경상가)",032-814-1004,126.6725576,37.40749426,동춘동
75,의원,송도탑정형외과의원,"인천광역시 연수구 송도국제대로 261, 231동 207,208호 (송도동, 송도 더샵 센트럴시티)",032-813-6767,126.6531653,37.37435195,송도동
76,의원,베스트마취통증의학과의원,"인천광역시 연수구 앵고개로264번길 30-4, 영남프라자 (동춘동)",032-813-7505,126.6718238,37.40682032,동춘동
77,의원,김웅철산부인과의원,인천광역시 연수구 용담로 135 (연수동),032-814-5252,126.6794039,37.41386319,연수동
78,의원,녹색중앙의원,"인천광역시 연수구 선학로68번길 4, 3층 (선학동, 중앙빌딩)",032-814-2280,126.7013186,37.42351176,선학동
79,의원,김운호피부과의원,인천광역시 연수구 앵고개로 250 (동춘동),032-813-9212,126.6715059,37.40818455,동춘동
80,의원,연수우리내과의원,"인천광역시 연수구 학나래로6번길 35, 4층 (선학동)",032-814-7746,126.6975621,37.42471847,선학동
81,의원,도담이비인후과의원,"인천광역시 연수구 원인재로 312, 3층 304호 (연수동, 대림상가)",032-814-7582,126.6962327,37.42194228,연수동
82,의원,해솔정신과의원,"인천광역시 연수구 인천타워대로 251, 아트윈몰 202호 (송도동)",032-814-8881,126.6328662,37.39313335,송도동
83,의원,이정호내과의원,"인천광역시 연수구 비류대로 429, 3층 (연수동, 영일빌딩)",032-815-0975,126.6825029,37.42440707,연수동
84,의원,주일중소아청소년과의원,"인천광역시 연수구 먼우금로 302, 201호 (연수동, 연수동유천상가)",032-815-0209,126.6840293,37.42253289,연수동
85,의원,우리외과의원,"인천광역시 연수구 먼우금로 194, 3층 304호 (연수동, 두손메카)",032-814-9393,126.6769905,37.41433314,연수동
86,의원,유기수내과의원,"인천광역시 연수구 원인재로 88, 307호 (동춘동, 대우삼환상가)",032-815-7991,126.6800838,37.40699507,동춘동
87,의원,연수이안과의원,인천광역시 연수구 앵고개로 250 (동춘동),032-814-9480,126.6715059,37.40818455,동춘동
88,의원,송도메이정신건강의학과의원,"인천광역시 연수구 송도국제대로 157, 오네스타 6층 A-606호 (송도동)",032-815-7557,126.656664,37.38094155,송도동
89,의원,이든의원,"인천광역시 연수구 선학로 101, 2층 (선학동, 뉴서울아파트상가)",032-815-0590,126.7006293,37.42505293,선학동
90,의원,큰바위정형외과의원,"인천광역시 연수구 먼우금로188번길 12, 이리옴3빌딩 3층 301호 (연수동)",032-815-8875,126.6765063,37.41341039,연수동
91,의원,수이비인후과의원,"인천광역시 연수구 앵고개로 250, 3층 (동춘동, 연수메디칼)",032-815-8384,126.6715059,37.40818455,동춘동
92,의원,현대성모의원,인천광역시 연수구 함박뫼로 28 (청학동),032-816-1367,126.6720663,37.41989437,청학동
93,의원,선이비인후과의원,인천광역시 연수구 샘말로7번길 7 (연수동),032-817-1500,126.6773763,37.41217888,연수동
94,의원,기분좋은신경과의원,"인천광역시 연수구 청능대로 93, 403호 (청학동, 이리옴프라자)",032-816-7575,126.6756664,37.41431941,청학동
95,의원,메디모아의원,"인천광역시 연수구 경원대로 184, 2층 (동춘동, 이마트연수점)",032-816-1575,126.6811196,37.40421886,동춘동
96,의원,한빛이비인후과의원,"인천광역시 연수구 용담로 115, 3층 (연수동)",032-817-2888,126.6778155,37.41511405,연수동
97,의원,서비뇨기과의원,"인천광역시 연수구 청능대로 103, 5층 (연수동, 비와이씨빌딩)",032-816-3069,126.6762619,37.41364664,연수동
98,의원,바른이비인후과의원,"인천광역시 연수구 송도국제대로 157, 오네스타 A-118 (송도동)",032-817-2333,126.656664,37.38094155,송도동
99,의원,현대의원,"인천광역시 연수구 원인재로 14, 2층 (동춘동, 무지개마을상가)",032-816-7981,126.6700279,37.40128601,동춘동
100,의원,연수김안과의원,"인천광역시 연수구 컨벤시아대로 165, 포스코타워-송도 3,5,6,7층 (송도동)",032-817-3487,126.6444436,37.38914175,송도동
101,의원,성심내과의원,인천광역시 연수구 원인재로 313 (연수동),032-817-3137,126.6932889,37.42155988,연수동
102,의원,닥터포유미앤모의원,"인천광역시 연수구 청능대로 93, 402호 (청학동, 이리옴프라자)",032-817-8057,126.6756664,37.41431941,청학동
103,의원,연수베스트내과의원,"인천광역시 연수구 먼우금로 189, 2층 (청학동, 소망글로벌)",032-817-5550,126.6758534,37.41462357,청학동
104,의원,박호연의원,"인천광역시 연수구 원인재로 180, 309-313호 (연수동, 우성2차상가)",032-817-7180,126.6855598,37.41301342,연수동
105,의원,송도유외과의원,"인천광역시 연수구 송도국제대로 157, 오네스타 6층 (송도동)",032-817-6875,126.656664,37.38094155,송도동
106,의원,이이주내과의원,"인천광역시 연수구 앵고개로 242, 2층 (동춘동, 연수제일상가)",032-817-7114,126.6708262,37.4086566,동춘동
107,의원,우리들소아청소년과의원,인천광역시 연수구 앵고개로 254 (동춘동),032-817-8666,126.6717723,37.40800884,동춘동
108,의원,김지현피부과의원,"인천광역시 연수구 청능대로 103, 4층 (연수동, 비와이씨빌딩)",032-817-8083,126.6762619,37.41364664,연수동
109,의원,박소아청소년과의원,"인천광역시 연수구 용담로 11, 2층 (청학동)",032-817-7932,126.6691275,37.42147906,청학동
110,의원,한솔내과의원,인천광역시 연수구 용담로 131 (연수동),032-818-1888,126.6791444,37.41402814,연수동
111,의원,모아소아청소년과.가정의학과의원,"인천광역시 연수구 앵고개로264번길 30-4, 201호 (동춘동, 영남프라자)",032-818-1365,126.6718238,37.40682032,동춘동
112,의원,이강연유외과의원,인천광역시 연수구 앵고개로246번길 10 (동춘동),032-818-6825,126.6706046,37.40841618,동춘동
113,의원,변피부과의원,"인천광역시 연수구 원인재로 286, 301호 (연수동, 대림아파트상가)",032-818-4333,126.6926717,37.4190454,연수동
114,의원,서울가정의학과의원,"인천광역시 연수구 새말로 31, 2층 (연수동)",032-818-2119,126.6749968,37.42246118,연수동
115,의원,손호균마취통증의학과의원,"인천광역시 연수구 앵고개로 242, 401호 (동춘동, 연수제일종합상가)",032-818-4939,126.6708262,37.4086566,동춘동
116,의원,우리산부인과의원,인천광역시 연수구 앵고개로 254 (동춘동),032-818-5121,126.6717723,37.40800884,동춘동
117,의원,이솜이비인후과의원,"인천광역시 연수구 송도국제대로 261, 2층 210~211호 (송도동, 송도 더샵 센트럴시티)",032-818-8222,126.6531653,37.37435195,송도동
118,의원,연수이이주내과의원,"인천광역시 연수구 먼우금로188번길 12, 이리옴3빌딩 3층 303호 (연수동)",032-818-8114,126.6765063,37.41341039,연수동
119,의원,피어봄의원,"인천광역시 연수구 센트럴로 160, 2층 (송도동, 송도센트럴파크푸르지오)",032-818-8275,126.644994,37.39200033,송도동
120,의원,신이비인후과의원,"인천광역시 연수구 용담로 11, 2층 (청학동)",032-818-8288,126.6691275,37.42147906,청학동
121,의원,이상영가정의학과의원,"인천광역시 연수구 비류대로 437, 2층 (연수동, 청보빌딩)",032-819-3636,126.6832138,37.42436151,연수동
122,의원,조은산부인과의원,"인천광역시 연수구 학나래로5번길 51, 조은산부인과 (선학동)",032-818-5575,126.6937152,37.4234331,선학동
123,의원,이성문소아청소년과의원,"인천광역시 연수구 청능대로 103, 3층 (연수동)",032-818-9391,126.6762619,37.41364664,연수동
124,의원,메이퓨어의원,"인천광역시 연수구 송도과학로16번길 33-3, 송도 트리플스트리트 C동 2층 일부호 (송도동)",032-818-9979,126.6612504,37.37981773,송도동
125,의원,박무헌정신과의원,"인천광역시 연수구 앵고개로 250, 3층 (동춘동, 연수메디칼빌딩)",032-819-2178,126.6715059,37.40818455,동춘동
126,의원,이상대내과의원,"인천광역시 연수구 앵고개로 250, 연수메디칼빌딩 404,405호 (동춘동)",032-819-2342,126.6715059,37.40818455,동춘동
127,의원,연세비뇨기과의원,"인천광역시 연수구 앵고개로 242, 407,408호 (동춘동, 연수제일상가)",032-819-5522,126.6708262,37.4086566,동춘동
128,의원,성수이비인후과의원,"인천광역시 연수구 청능대로 103, 5층 (연수동, 비와이씨빌딩)",032-819-5075,126.6762619,37.41364664,연수동
129,의원,연세e소아청소년과의원,"인천광역시 연수구 앵고개로264번길 46, 2층 (동춘동)",032-819-5700,126.6708242,37.40668532,동춘동
130,의원,웅내과의원,"인천광역시 연수구 학나래로118번길 9, 205호 (선학동, 선학프라자)",032-819-7575,126.6984687,37.42799023,선학동
131,의원,연수메디칼정형외과의원,"인천광역시 연수구 앵고개로 250, 연수메디칼빌딩 2,5층 201,501호 (동춘동)",032-819-2345,126.6715059,37.40818455,동춘동
132,의원,미라클마취통증의학과의원,"인천광역시 연수구 송도국제대로 157, 오네스타 5층 A505-1,A506호 (송도동)",032-821-2227,126.656664,37.38094155,송도동
133,의원,성모신경외과의원,"인천광역시 연수구 용담로 115, 파크타워 4층 402,403호 (연수동)",032-819-8274,126.6778155,37.41511405,연수동
134,의원,올바른신경외과의원,"인천광역시 연수구 앵고개로 256, 3층 301호 (동춘동, 웅지프라자)",032-819-7775,126.6720178,37.40783029,동춘동
135,의원,연수함문외과의원,"인천광역시 연수구 청능대로 103, 3층 (연수동, 비와이씨)",032-821-0565,126.6762619,37.41364664,연수동
136,의원,차지현정신건강의학과의원,"인천광역시 연수구 청능대로 109, 5층 (연수동, 탑피온빌딩)",032-821-2001,126.6767189,37.41298643,연수동
137,의원,서울정형외과의원,인천광역시 연수구 비류대로433번길 3 (연수동),032-821-7600,126.6826379,37.42458197,연수동
138,의원,오렌지소아청소년과의원,"인천광역시 연수구 송도문화로84번길 24 (송도동, 송도에듀포레푸르지오)",032-821-9191,126.6582747,37.37219271,송도동
139,의원,앤의원,"인천광역시 연수구 앵고개로264번길 30-4, 3층 (동춘동, 영남프라자)",032-821-9697,126.6718238,37.40682032,동춘동
140,의원,와이삼성이비인후과의원,"인천광역시 연수구 송도과학로27번길 55, A(301)동 307, 308호 (송도동, 롯데캐슬캠퍼스타운)",032-822-5233,126.6642625,37.38803691,송도동
141,의원,연수스타정형외과의원,"인천광역시 연수구 먼우금로 208, 3층 (연수동)",032-821-2100,126.6773902,37.41582226,연수동
142,의원,부부내과의원,인천광역시 연수구 독배로40번길 29 (옥련동),032-831-1888,126.6465752,37.42450107,옥련동
143,의원,해사랑마취통증의학과의원,"인천광역시 연수구 청능대로 103, 3층 (연수동, BYC빌딩)",032-822-7580,126.6762619,37.41364664,연수동
144,의원,의료법인 루가의료재단 지안의원,"인천광역시 연수구 센트럴로 263, 송도국제업무단지 C8-2블럭 업무복합시설 6,7층 (송도동)",032-830-2700,126.6335872,37.39866124,송도동
145,의원,서울항외과의원,"인천광역시 연수구 해돋이로 160-6, 꿈에 계단 7층 701호 (송도동)",032-831-0159,126.6463968,37.39487047,송도동
146,의원,송도랜시티의원,"인천광역시 연수구 랜드마크로 68, 301동 2층 237호 (송도동, 랜드마크시티센트럴더샵)",032-831-1238,126.6212329,37.41563898,송도동
147,의원,마음속내과의원,"인천광역시 연수구 독배로40번길 11, 401,402,403호 (옥련동, 효명프라자)",032-831-2208,126.6456358,37.42452763,옥련동
148,의원,서울수이비인후과의원,"인천광역시 연수구 신송로 161, 송도 하이츠 2층 212호 (송도동)",032-831-3050,126.6484391,37.39759467,송도동
149,의원,의료법인 마크로젠의료재단 진헬스의원,"인천광역시 연수구 인천타워대로132번길 34, 6,7,8층 (송도동)",032-831-3200,126.6439442,37.38636286,송도동
150,의원,연세이비인후과의원,"인천광역시 연수구 한진로 23, 301호 (옥련동, 로얄프라자)",032-831-5666,126.6478392,37.42466432,옥련동
151,의원,다원여성의원,"인천광역시 연수구 컨벤시아대로 69, 송도 밀레니엄 412호 (송도동)",032-831-1500,126.6509557,37.39571542,송도동
152,의원,한림의원,인천광역시 연수구 한나루로196번길 3 (옥련동),032-831-8883,126.6572817,37.4267925,옥련동
153,의원,신피부과의원,"인천광역시 연수구 신송로 121, 704호 (송도동, 센타프라자)",032-831-7582,126.6518858,37.3953922,송도동
154,의원,김진욱신경외과의원,"인천광역시 연수구 독배로40번길 43, 4층 (옥련동, 신송빌딩)",032-831-7800,126.6472628,37.4246223,옥련동
155,의원,한마음의원,"인천광역시 연수구 청학로15번길 4, 2층 (청학동)",032-831-7505,126.6632742,37.42871259,청학동
156,의원,알라딘의원,"인천광역시 연수구 하모니로 158, 송도타임스페이스 4층 A-412,413호 (송도동)",032-831-7891,126.6421469,37.38419018,송도동
157,의원,라온정신건강의학과의원,"인천광역시 연수구 컨벤시아대로 69 (송도동,밀레니엄상가 7층 706-1호)",032-831-8906,126.6509557,37.39571542,송도동
158,의원,옥련삼성내과의원,"인천광역시 연수구 독배로 42, 해창빌딩 4~5층 (옥련동)",032-831-9554,126.6449035,37.42451603,옥련동
159,의원,송도센트럴이비인후과의원,"인천광역시 연수구 해돋이로 168, 401호 (송도동, 혜인프라자)",032-831-9972,126.6452104,37.39542885,송도동
160,의원,이강범이비인후과의원,"인천광역시 연수구 독배로 41, 3층 10호 (옥련동, 인영빌딩)",032-831-8275,126.6443535,37.42442552,옥련동
161,의원,아이플렉스소아청소년과의원,"인천광역시 연수구 컨벤시아대로 81, 드림시티 3층 301호일부,302호 (송도동)",032-832-0777,126.6501653,37.39494268,송도동
162,의원,밝은마음정신건강의학과의원,"인천광역시 연수구 독배로 49, 2층 (옥련동, 럭키빌딩)",032-832-7579,126.6443184,37.42508776,옥련동
163,의원,피앤비의원,"인천광역시 연수구 한진로 23, 201호 (옥련동, 로얄프라자빌딩)",032-832-2251,126.6478392,37.42466432,옥련동
164,의원,맑고고운의원,"인천광역시 연수구 독배로40번길 11, 효명프라자 405호 (옥련동)",032-832-4051,126.6456358,37.42452763,옥련동
165,의원,송도웰니스의원,"인천광역시 연수구 아트센터대로168번길 100, 한라 웨스턴파크 송도 2층 224~234호 (송도동)",032-832-2040,126.6286013,37.40580028,송도동
166,의원,제일내과의원,인천광역시 연수구 한나루로 190 (옥련동),032-832-4622,126.6569118,37.42625897,옥련동
167,의원,미소지움피부과의원,"인천광역시 연수구 컨벤시아대로 69, 5층 509호 (송도동, 송도밀레니엄)",032-832-7775,126.6509557,37.39571542,송도동
168,의원,연세플러스소아청소년과의원,"인천광역시 연수구 신송로 161, 송도 하이츠 2층 204호 (송도동)",032-832-8275,126.6484391,37.39759467,송도동
169,의원,김영효이비인후과의원,"인천광역시 연수구 신송로 161, 송도 하이츠 3층 305,306호 (송도동)",032-832-8505,126.6484391,37.39759467,송도동
170,의원,연세추의원,"인천광역시 연수구 하모니로178번길 22, GTX센트럴 5층 501,502,502-1호 (송도동)",032-832-5775,126.6408363,37.383072,송도동
171,의원,화인마취통증의학과의원,"인천광역시 연수구 인천타워대로132번길 34, 라이크홈메디컬센터 1동 3층 303호 (송도동)",032-832-8875,126.6439442,37.38636286,송도동
172,의원,삼성본프라임정형외과의원,"인천광역시 연수구 해돋이로 168-2, 에스원타워1 5층 501,502,503호 (송도동)",032-833-1236,126.6456783,37.3950122,송도동
173,의원,송도외과의원,"인천광역시 연수구 컨벤시아대로 165, 4층 (송도동, 동북아트레이드타워)",032-833-0000,126.6444436,37.38914175,송도동
174,의원,센트럴웰니스의원,"인천광역시 연수구 센트럴로 232, E동 지상1층 171호 (송도동, 더샵센트럴파크1)",032-833-0119,126.6375683,37.39636124,송도동
175,의원,서울밝은안과의원,"인천광역시 연수구 독배로40번길 47, 5층 (옥련동, 제일빌딩)",032-832-9823,126.6475313,37.42460261,옥련동
176,의원,온소아청소년과의원,"인천광역시 연수구 해돋이로 165, 차오름 프라자 403호 (송도동)",032-833-0484,126.6450899,37.39474475,송도동
177,의원,세라필의원,"인천광역시 연수구 해돋이로 165, 차오름 프라자 5층 501,502호 (송도동)",032-833-1472,126.6450899,37.39474475,송도동
178,의원,서울삼성내과의원,"인천광역시 연수구 신송로 161, 송도 하이츠 5층 506호 (송도동)",032-833-1933,126.6484391,37.39759467,송도동
179,의원,샘내과의원,"인천광역시 연수구 인천타워대로132번길 34, 4,5층 401,402,501호 (송도동)",032-833-2021,126.6439442,37.38636286,송도동
180,의원,남문석내과의원,"인천광역시 연수구 해돋이로 160-4, 골든게이트 3층 301,302호 (송도동)",032-833-3322,126.6461744,37.39460296,송도동
181,의원,하늘안과의원,"인천광역시 연수구 컨벤시아대로130번길 14 (송도동, 플러스메디타워 301,303호)",032-833-0790,126.6448883,37.392955,송도동
182,의원,이화웰봄소아청소년과의원,"인천광역시 연수구 인천타워대로54번길 13, 해승메디피아 2층 (송도동)",032-833-7119,126.6463595,37.37917306,송도동
183,의원,마음정원정신건강의학과의원,"인천광역시 연수구 신송로 153, 더 마란츠타워 2층 201,202호 (송도동)",032-833-3950,126.64915,37.39716984,송도동
184,의원,삼성스마일의원,"인천광역시 연수구 앵고개로104번길 4, 준빌딩 4층 402호 (동춘동)",032-833-4976,126.6570538,37.41238996,동춘동
185,의원,늘이비인후과의원,"인천광역시 연수구 센트럴로 415, 힐스테이트 송도 더테라스 판매시설동 2층 233,234,235,236,237호 (송도동)",032-833-3650,126.627633,37.41050721,송도동
186,의원,송도탑이비인후과의원,"인천광역시 연수구 컨벤시아대로130번길 14, 송도 메디컬타워 (송도동)",032-833-5075,126.6448883,37.392955,송도동
187,의원,굿닥터신경외과의원,"인천광역시 연수구 독배로40번길 11, 301호, 302호, 303호 (옥련동, 효명프라자)",032-833-7501,126.6456358,37.42452763,옥련동
188,의원,연세꾸러기소아청소년과의원,"인천광역시 연수구 독배로40번길 43, 301호 (옥련동, 신송빌딩)",032-833-7533,126.6472628,37.4246223,옥련동
189,의원,신비라인의원,인천광역시 연수구 컨벤시아대로 81 (송도동),032-833-7580,126.6501653,37.39494268,송도동
190,의원,인하정형외과의원,"인천광역시 연수구 독배로 41, 3,4층 (옥련동, 인영프라자)",032-833-8275,126.6443535,37.42442552,옥련동
191,의원,송도서울정형외과의원,"인천광역시 연수구 해돋이로 167, 힐링플라자 2,3층 (송도동)",032-833-5510,126.6444899,37.39480261,송도동
192,의원,고려가정의학과의원,"인천광역시 연수구 청학로 5, 3층 (청학동, 행복빌딩)",032-834-2475,126.6632475,37.42755867,청학동
193,의원,송도에이치케이(HK)의원,"인천광역시 연수구 컨벤시아대로230번길 54, 닥터플러스몰 3층 A321,A322호 (송도동)",032-833-8833,126.6343345,37.38874008,송도동
194,의원,제이드비뇨기과의원,"인천광역시 연수구 컨벤시아대로 81, 312호 (송도동, 드림시티상가)",032-833-9696,126.6501653,37.39494268,송도동
195,의원,삼성연합의원,"인천광역시 연수구 독배로40번길 21, 3층 (옥련동)",032-833-8556,126.6460172,37.4244745,옥련동
196,의원,아라소아청소년과의원,"인천광역시 연수구 컨벤시아대로230번길 42, 송도아라플라자 302호 (송도동)",032-834-0302,126.6349141,37.38808543,송도동
197,의원,송도비앤미의원,"인천광역시 연수구 센트럴로 160, 237호 (송도동, 송도센트럴파크푸르지오)",032-834-5011,126.644994,37.39200033,송도동
198,의원,권도승정형외과의원,인천광역시 연수구 비류대로 208 (옥련동),032-834-5626,126.6576816,37.42741548,옥련동
199,의원,현대가외의원,"인천광역시 연수구 독배로 42, 3층 (옥련동)",032-834-6653,126.6449035,37.42451603,옥련동
200,의원,연세정형외과의원,인천광역시 연수구 비류대로 194 (옥련동),032-834-7000,126.656311,37.4277347,옥련동
201,의원,솔이산부인과의원,"인천광역시 연수구 독배로 35 (옥련동,IF빌딩 4층)",032-834-1118,126.6444308,37.42390059,옥련동
202,의원,잇츠미성형외과의원,"인천광역시 연수구 하모니로 158, 송도타임스페이스 5층 A-501,502,503,504,505호 (송도동)",032-851-1103,126.6421469,37.38419018,송도동
203,의원,코아이비인후과의원,"인천광역시 연수구 컨벤시아대로 69, 409호 (송도동, 밀레니엄빌딩)",032-834-9009,126.6509557,37.39571542,송도동
204,의원,gsw마취통증의학과의원,"인천광역시 연수구 해돋이로 107 (송도동,더샵퍼스트월드 H동상가 71-72호)",032-835-7331,126.648814,37.38960595,송도동
205,의원,송도성모마취통증의학과의원,"인천광역시 연수구 하모니로178번길 22, 송도GTX센트럴 5층 512호 (송도동)",032-834-7581,126.6408363,37.383072,송도동
206,의원,하얀나라피부과의원,"인천광역시 연수구 해돋이로 107, H동 76,77호 (송도동, 더샵퍼스트월드)",032-835-7590,126.648814,37.38960595,송도동
207,의원,송도맘편한소아청소년과의원,"인천광역시 연수구 랜드마크로 68, 301동 1,2층 43호,256호,257호 (송도동, 랜드마크시티센트럴더샵)",032-851-1365,126.6212329,37.41563898,송도동
208,의원,에코이비인후과의원,"인천광역시 연수구 신송로 121, 405호 (송도동, 센타프라자)",032-851-3232,126.6518858,37.3953922,송도동
209,의원,꼬꼬마소아청소년과의원,"인천광역시 연수구 독배로 42, 2층 (옥련동, 해창빌딩)",032-851-4977,126.6449035,37.42451603,옥련동
210,의원,송도내과의원,"인천광역시 연수구 해돋이로120번길 16, 201호 (송도동, 송도신도시풍림아이원 2단지 상가)",032-851-7505,126.6523864,37.39483785,송도동
211,의원,밀레니엄서울내과의원,"인천광역시 연수구 컨벤시아대로 69, 송도 밀레니엄 4층 402호 (송도동)",032-851-1001,126.6509557,37.39571542,송도동
212,의원,PNC안과의원,"인천광역시 연수구 신송로 153, 더 마란츠타워 808,809호 (송도동)",032-858-2201,126.64915,37.39716984,송도동
213,의원,오블리브 의원,"인천광역시 연수구 인천타워대로132번길 34, 301,302호 (송도동)",032-851-9119,126.6439442,37.38636286,송도동
214,의원,제이웰의원,"인천광역시 연수구 컨벤시아대로230번길 42, 송도아라플라자 (송도동)",032-851-9700,126.6349141,37.38808543,송도동
215,의원,베스트이비인후과의원,"인천광역시 연수구 랜드마크로 68, 301동 2층 234,266,267,268호 (송도동, 랜드마크시티센트럴더샵)",032-851-8575,126.6212329,37.41563898,송도동
216,의원,송도센트럴정신건강의학과의원,"인천광역시 연수구 하모니로178번길 22, 송도GTX센트럴 6층 603호 (송도동)",032-858-0075,126.6408363,37.383072,송도동
217,의원,송도이.이.주내과의원,"인천광역시 연수구 신송로 153, 더 마란츠타워 801,802호 (송도동)",032-858-3114,126.64915,37.39716984,송도동
218,의원,휴먼피부과의원,"인천광역시 연수구 센트럴로 263, 송도국제업무단지 C8-2블럭 업무복합시설 5층 (송도동)",032-858-3335,126.6335872,37.39866124,송도동
219,의원,윰산부인과의원,"인천광역시 연수구 인천타워대로132번길 34, 라이크홈메디컬센터 1동 2,5층 204,503호 (송도동)",032-858-3773,126.6439442,37.38636286,송도동
220,의원,안녕성형외과의원,"인천광역시 연수구 해돋이로 168-2, 에스원타워 3층 302,303,304호 (송도동)",032-858-5400,126.6456783,37.3950122,송도동
221,의원,연세소아청소년과의원,"인천광역시 연수구 컨벤시아대로 69, 4층 411호 (송도동, 송도 밀레니엄)",032-858-0675,126.6509557,37.39571542,송도동
222,의원,송도정형외과의원,"인천광역시 연수구 컨벤시아대로 69, 4층 (송도동, 밀레니엄빌딩)",032-859-7575,126.6509557,37.39571542,송도동
223,의원,설레이는의원,"인천광역시 연수구 컨벤시아대로 116 (송도동,대우월드마크 702동 2층 201호, 202호)",032-859-0220,126.6463773,37.39374814,송도동
224,의원,미앤아이의원,"인천광역시 연수구 컨벤시아대로 69, 6층 608호 (송도동, 밀레니엄상가)",032-859-2345,126.6509557,37.39571542,송도동
225,의원,송도여성의원,"인천광역시 연수구 신송로 122 (송도동,송도프라자 2층 201호)",032-859-0075,126.6524353,37.39581436,송도동
226,의원,송도코엔이비인후과의원,"인천광역시 연수구 해돋이로 168-2, 에스원타워1 4층 401,402,403호 (송도동)",032-859-5119,126.6456783,37.3950122,송도동
227,의원,연세최선내과의원,"인천광역시 연수구 신송로125번길 7, 4층 (송도동, 이리옴프라자)",032-859-7582,126.6515588,37.39494818,송도동
228,의원,송도플러스정형외과의원,"인천광역시 연수구 컨벤시아대로230번길 54, H101,H104,H105,H201,H301,H401일부,H501,H601호, 닥터플러스몰 1~6층 (송도동)",032-859-8000,126.6343345,37.38874008,송도동
229,의원,송도원비뇨의학과의원,"인천광역시 연수구 인천타워대로132번길 34, 라이크홈메디컬센터 4층 403호 (송도동)",032-859-8686,126.6439442,37.38636286,송도동
230,의원,정부순의원,인천광역시 연수구 해돋이로 102 (송도동),032-872-2754,126.6510626,37.3914095,송도동
231,의원,바른나무신경외과의원,"인천광역시 연수구 신송로 161, 송도 하이츠 4층 401,402,403,404호 (송도동)",032-859-7300,126.6484391,37.39759467,송도동
232,치과의원,브레인치과의원,"인천광역시 연수구 해돋이로 160-19, 카리스프라자 4층 406호 (송도동)",032-214-2888,126.6469883,37.39624931,송도동
233,의원,송도허브여성의원,"인천광역시 연수구 테크노파크로111번길 4, 드 메티스 빌딩 2~5층, 8층 (송도동)",1577-5165,126.6442531,37.38605773,송도동
234,치과의원,인천베스트치과의원,"인천광역시 연수구 독배로40번길 21, 유한빌딩 201호 (옥련동)",032-212-7528,126.6460172,37.4244745,옥련동
235,의원,송도아이비에스(IBS)내과의원,"인천광역시 연수구 센트럴로 263, 송도국제업무단지 C8-2블럭 업무복합시설 (송도동)",070-7542-6576,126.6335872,37.39866124,송도동
236,치과의원,클린연세치주과치과의원,"인천광역시 연수구 신송로 168, 이든프라자 403호 (송도동)",032-212-9700,126.6486623,37.3986734,송도동
237,치과의원,루아어린이치과의원,"인천광역시 연수구 신송로 161, 송도 하이츠 309,310호 (송도동)",032-217-2879,126.6484391,37.39759467,송도동
238,치과의원,투유치과의원,"인천광역시 연수구 신송로 154, 더 제니스 303,304호 (송도동)",032-229-2879,126.6497661,37.39777909,송도동
239,치과의원,연수새움치과의원,"인천광역시 연수구 먼우금로 189, 309, 310, 311호 (청학동, 소망글로벌)",032-231-5656,126.6758534,37.41462357,청학동
240,치과의원,연세아이웰치과의원,"인천광역시 연수구 하모니로 158, 송도타임스페이스 A동 B04호 (송도동)",032-233-2828,126.6421469,37.38419018,송도동
241,치과의원,연수퍼스트치과의원,"인천광역시 연수구 앵고개로246번길 10, 2,3층 (동춘동, 대산프라자)",032-214-2875,126.6706046,37.40841618,동춘동
242,치과의원,송도트리플치과의원,"인천광역시 연수구 송도과학로16번길 33-3, 송도 트리플스트리트 C동 2층 일부호 (송도동)",032-282-7528,126.6612504,37.37981773,송도동
243,치과의원,연수바른치과의원,"인천광역시 연수구 앵고개로 266, 한양2차아파트(롯데슈퍼) 1층 일부호 (동춘동)",032-255-2828,126.6728198,37.40697151,동춘동
244,치과의원,하이덴치과의원,"인천광역시 연수구 먼우금로 96, 3층 (동춘동, 금송빌딩)",032-255-2875,126.6704508,37.4075498,동춘동
245,치과의원,송도윤치과의원,"인천광역시 연수구 해돋이로 168, 혜인프라자 302호 (송도동)",032-252-2828,126.6452104,37.39542885,송도동
246,치과의원,서울스마트치과의원,"인천광역시 연수구 송도미래로 30, E동 205, 206호 (송도동, 송도 BRC 스마트밸리 지식산업센터)",032-258-2828,126.6490966,37.36728943,송도동
247,치과의원,송도요셉치과의원,"인천광역시 연수구 아트센터대로 87, 커낼워크D4 WINTER 402동 219,220호 (송도동)",032-282-8119,126.6404248,37.40215703,송도동
248,치과의원,김성기김진형치과의원,인천광역시 연수구 학나래로6번길 16 (선학동),032-422-9890,126.6977003,37.42363598,선학동
249,치과의원,스퀘어치과의원,"인천광역시 연수구 청능대로 210, 3층 (동춘동, 스퀘어원)",032-456-4311,126.6836222,37.40599741,동춘동
250,치과의원,송도굿모닝치과의원,"인천광역시 연수구 랜드마크로 113, 203,204,205호 (송도동, e편한세상 송도)",032-461-2080,126.6176511,37.40923975,송도동
251,치과의원,송도웰치과의원,"인천광역시 연수구 송도문화로28번길 28, 203동 2층 3-206호 (송도동, 송도글로벌캠퍼스푸르지오)",032-262-2828,126.6558312,37.3770832,송도동
252,치과의원,송도하버치과의원,"인천광역시 연수구 해돋이로 168-7, 203호 (송도동, 레드원프라자)",032-721-7528,126.6456698,37.39591169,송도동
253,치과의원,유펜아리조나치과교정과치과의원,"인천광역시 연수구 신송로 153, 더 마란츠타워 405일부호, 406호 (송도동)",032-710-2077,126.64915,37.39716984,송도동
254,치과의원,친절한이치과의원,"인천광역시 연수구 랜드마크로 68, 258,259,260호 (송도동, 랜드마크시티센트럴더샵)",032-710-2825,126.6212329,37.41563898,송도동
255,치과의원,하나어린이치과의원,"인천광역시 연수구 센트럴로 194, A동 228호 (송도동, 더샵 센트럴파크2)",032-710-0003,126.6418738,37.39378585,송도동
256,치과의원,지안하늘치과의원,"인천광역시 연수구 센트럴로 263, IBS타워 7층 (송도동)",032-713-7974,126.6335872,37.39866124,송도동
257,치과의원,연수예스치과의원,"인천광역시 연수구 청능대로 109, 8층 (연수동, 탑피온빌딩)",032-810-1010,126.6767189,37.41298643,연수동
258,치과의원,박성빈치과의원,"인천광역시 연수구 함박뫼로 250, 206호 (연수동, 풍림아파트상가)",032-811-1871,126.6917391,37.41686766,연수동
259,치과의원,미소연치과의원,"인천광역시 연수구 앵고개로 242, 4층 406호 (동춘동)",032-811-8228,126.6708262,37.4086566,동춘동
260,치과의원,에이스치과의원,"인천광역시 연수구 비류대로 429, 3층 (연수동)",032-811-9964,126.6825029,37.42440707,연수동
261,치과의원,송도이앤이치과의원,"인천광역시 연수구 센트럴로 415, 힐스테이트 송도 더테라스 판매시설동 244,245,246호 (송도동)",032-719-2177,126.627633,37.41050721,송도동
262,치과의원,기호경치과의원,"인천광역시 연수구 청능대로 124, 211,212호 (동춘동, 금호동아에이상가)",032-812-3744,126.6760608,37.41147207,동춘동
263,치과의원,산치과의원,"인천광역시 연수구 앵고개로 262, 501호, 502호 (동춘동, 동경프라자)",032-812-2077,126.6725576,37.40749426,동춘동
264,치과의원,연세치과의원,"인천광역시 연수구 원인재로 88, 308호 (동춘동, 대우상가)",032-812-2824,126.6800838,37.40699507,동춘동
265,치과의원,이상호치과의원,"인천광역시 연수구 원인재로 56 (동춘동, 현대아파트상가)",032-812-1568,126.6769963,37.40308336,동춘동
266,치과의원,서울오라치과의원,"인천광역시 연수구 앵고개로264번길 10-1, 아촌빌딩 4층 (동춘동)",032-812-2875,126.6722791,37.40719577,동춘동
267,치과의원,e-편한치과의원,"인천광역시 연수구 원인재로 180, 303호 (연수동, 연수우성2차아파트)",032-812-7528,126.6855598,37.41301342,연수동
268,치과의원,이원준치과의원,"인천광역시 연수구 원인재로 88, 2층 (동춘동, 대우삼환상가)",032-812-8260,126.6800838,37.40699507,동춘동
269,치과의원,해피키즈치과의원,"인천광역시 연수구 먼우금로 190, 302,303호 (연수동)",032-813-2207,126.6767146,37.4140527,연수동
270,치과의원,올에이치과의원,"인천광역시 연수구 함박뫼로 70, 2층 (연수동)",032-813-2275,126.6752496,37.42263871,연수동
271,치과의원,주창범치과의원,"인천광역시 연수구 원인재로 312, 401-305호 (연수동, 시영상가)",032-812-2882,126.6962327,37.42194228,연수동
272,치과의원,연수센트럴치과의원,"인천광역시 연수구 경원대로483번길 6, 2층 (선학동, 원영빌딩)",032-815-1985,126.6984872,37.42752436,선학동
273,치과의원,정철웅치과의원,"인천광역시 연수구 원인재로 312, 3층 (연수동, 대림상가)",032-813-6253,126.6962327,37.42194228,연수동
274,치과의원,송도이안치과의원,"인천광역시 연수구 송도문화로28번길 28, 203동 205호 (송도동, 송도글로벌캠퍼스푸르지오상가)",032-814-2275,126.6558312,37.3770832,송도동
275,치과의원,송도캠퍼스치과의원,"인천광역시 연수구 송도과학로27번길 55, A동 303, 304호 (송도동, 롯데캐슬캠퍼스타운)",032-813-2879,126.6642625,37.38803691,송도동
276,치과의원,행복치과의원,인천광역시 연수구 비류대로 599 (선학동),032-814-2879,126.7013459,37.42334159,선학동
277,치과의원,연세제일치과의원,"인천광역시 연수구 먼우금로 190, 연수프라자 404호 (연수동)",032-815-2275,126.6767146,37.4140527,연수동
278,치과의원,연수준치과의원,인천광역시 연수구 원인재로 313 (연수동),032-815-2875,126.6932889,37.42155988,연수동
279,치과의원,연합연수치과의원,"인천광역시 연수구 먼우금로83번길 12, 2층 209호 (동춘동)",032-815-6063,126.6687872,37.40778509,동춘동
280,치과의원,이석현치과의원,"인천광역시 연수구 선학로 90, 205호 (선학동, 아주상가)",032-815-7327,126.7017219,37.42486652,선학동
281,치과의원,예본플란트치과의원,"인천광역시 연수구 새말로 27 (연수동, 동남스포피아 117호,118호,119호,120호)",032-814-3461,126.6748622,37.42304792,연수동
282,치과의원,강남365치과의원,"인천광역시 연수구 송도국제대로 157, 오네스타 501~503,504일부,608,609-1호 (송도동)",032-817-3650,126.656664,37.38094155,송도동
283,치과의원,모든치과의원,"인천광역시 연수구 용담로 147, 2층 (연수동)",032-816-6373,126.6804598,37.41313951,연수동
284,치과의원,흰돌치과의원,"인천광역시 연수구 먼우금로 19, 213호 (동춘동, 동남상가)",032-817-0022,126.6674326,37.40072245,동춘동
285,치과의원,열린치과의원,"인천광역시 연수구 비류대로 435, 3층 (연수동, 학구빌딩)",032-816-2275,126.6829944,37.42437171,연수동
286,치과의원,최경근치과교정과치과의원,인천광역시 연수구 용담로 148 (연수동),032-817-1552,126.6802374,37.41291353,연수동
287,치과의원,월드치과의원,"인천광역시 연수구 샘말로 56, 2층 (연수동)",032-817-6230,126.6797471,37.41362941,연수동
288,치과의원,가람치과의원,"인천광역시 연수구 용담로 115, 201동 202호 (연수동, 파크타운)",032-817-7927,126.6778155,37.41511405,연수동
289,치과의원,연수서울치과의원,"인천광역시 연수구 청능대로 103, 5층 (연수동, BYC빌딩)",032-817-8177,126.6762619,37.41364664,연수동
290,치과의원,이재헌치과의원,"인천광역시 연수구 원인재로 14, 205호 (동춘동, 무지개마을단지상가)",032-817-9495,126.6700279,37.40128601,동춘동
291,치과의원,송주헌치과의원,"인천광역시 연수구 청능대로 175, 3층 303호 (연수동, 우성1차상가)",032-817-2875,126.6831238,37.40882153,연수동
292,치과의원,모아치과의원,"인천광역시 연수구 앵고개로 256, 웅지프라자, 5층 (동춘동)",032-821-2828,126.6720178,37.40783029,동춘동
293,치과의원,스카이치과의원,"인천광역시 연수구 먼우금로 194, 메카오피스텔 204호 (연수동)",032-818-2828,126.6769905,37.41433314,연수동
294,치과의원,연수부부치과의원,"인천광역시 연수구 앵고개로 250, 305,306호 (동춘동)",032-818-2811,126.6715059,37.40818455,동춘동
295,치과의원,서울이도원치과의원,"인천광역시 연수구 송도과학로27번길 55, B동 307, 308호 (송도동, 롯데캐슬캠퍼스타운)",032-818-2875,126.6642625,37.38803691,송도동
296,치과의원,연수선치과의원,"인천광역시 연수구 용담로 153, 202호 (연수동, 대동월드)",032-821-7528,126.681403,37.41327765,연수동
297,치과의원,쥬니어플러스치과의원,"인천광역시 연수구 컨벤시아대로 69, 7층 710호 (송도동, 밀레니엄빌딩)",032-819-2286,126.6509557,37.39571542,송도동
298,치과의원,두손모아치과의원,"인천광역시 연수구 청능대로 93, 404호 (청학동, 두손빌딩)",032-821-7575,126.6756664,37.41431941,청학동
299,치과의원,연수청아치과의원,"인천광역시 연수구 새말로 90, 2층 (연수동, 두림빌딩)",032-822-2875,126.679313,37.41857394,연수동
300,치과의원,연수웰치과의원,"인천광역시 연수구 앵고개로264번길 18, 3층 (동춘동)",032-822-7522,126.672156,37.40708764,동춘동
301,치과의원,연수치과의원,인천광역시 연수구 경원대로467번길 3 (선학동),032-819-2828,126.6982543,37.42583725,선학동
302,치과의원,서울바른치과교정과치과의원,"인천광역시 연수구 신송로 160, 넥서스 203,204호 (송도동)",032-831-2080,126.6491962,37.39801835,송도동
303,치과의원,박성호치과의원,인천광역시 연수구 독배로40번길 25 (옥련동),032-831-2875,126.6462318,37.42448507,옥련동
304,치과의원,엘리샤인터내셔널치과의원,"인천광역시 연수구 인천타워대로132번길 34, 502호 (송도동)",032-831-0027,126.6439442,37.38636286,송도동
305,치과의원,연수청원치과의원,"인천광역시 연수구 독배로40번길 11, 403,404호 (옥련동, 효명프라자)",032-831-2420,126.6456358,37.42452763,옥련동
306,치과의원,민트치과의원,"인천광역시 연수구 앵고개로104번길 4, 준빌딩 3층 301호 (동춘동)",032-831-2885,126.6570538,37.41238996,동춘동
307,치과의원,송도퍼스트치과의원,인천광역시 연수구 컨벤시아대로 165 (송도동),032-831-2812,126.6444436,37.38914175,송도동
308,치과의원,필치과의원,"인천광역시 연수구 독배로 56, 3층 (옥련동)",032-831-6607,126.6449011,37.42562828,옥련동
309,치과의원,신용철치과의원,인천광역시 연수구 비류대로 194 (옥련동),032-831-7177,126.656311,37.4277347,옥련동
310,치과의원,이턱플란트치과의원,"인천광역시 연수구 하모니로 158, 송도타임스페이스 A동 401,402호 (송도동)",032-831-7525,126.6421469,37.38419018,송도동
311,치과의원,랜드마크치과의원,"인천광역시 연수구 랜드마크로 68, 301동 270,271호 (송도동, 랜드마크시티센트럴더샵)",032-831-2822,126.6212329,37.41563898,송도동
312,치과의원,권호진치과의원,"인천광역시 연수구 독배로 58, 2층 204호 (옥련동, 옥련2차현대아파트상가)",032-832-2275,126.6471953,37.42503554,옥련동
313,치과의원,커낼여름치과보존과치과의원,"인천광역시 연수구 아트센터대로 131, 커낼워크D2 SUMMER 202동 228호 (송도동)",032-832-2879,126.6368956,37.39935875,송도동
314,치과의원,서울고른이치과교정과치과의원,"인천광역시 연수구 컨벤시아대로 69, 208호 (송도동, 송도밀레니엄)",032-831-7928,126.6509557,37.39571542,송도동
315,치과의원,옥련서울치과의원,"인천광역시 연수구 독배로40번길 35 (옥련동, 대명빌딩)",032-832-2804,126.6468293,37.42462008,옥련동
316,치과의원,센트럴치과의원,"인천광역시 연수구 해돋이로 118 (송도동,마린프라자 3층 301호)",032-832-2885,126.649571,37.3923416,송도동
317,치과의원,송도봄치과의원,"인천광역시 연수구 해돋이로 168-15, 글로벌시티프라자 503,504호 (송도동)",032-832-2822,126.646154,37.39635866,송도동
318,치과의원,푸른하늘치과의원,"인천광역시 연수구 독배로 42, 6층 (옥련동, 해창빌딩)",032-832-5670,126.6449035,37.42451603,옥련동
319,치과의원,케이라인치과의원,"인천광역시 연수구 인천타워대로54번길 13 (송도동, 해승메디피아)",032-832-9221,126.6463595,37.37917306,송도동
320,치과의원,송도이플란트치과의원,"인천광역시 연수구 인천타워대로54번길 3, 3층 304호 (송도동, 메트로프라자)",032-833-2075,126.6456371,37.37853419,송도동
321,치과의원,송도치과의원,"인천광역시 연수구 비류대로 208, 4층 402호 (옥련동, 송도역전빌딩)",032-832-2875,126.6576816,37.42741548,옥련동
322,치과의원,서울본치과의원,"인천광역시 연수구 컨벤시아대로130번길 14, 305,306호 (송도동, 메디플러스)",032-833-2281,126.6448883,37.392955,송도동
323,치과의원,푸른치과의원,인천광역시 연수구 청솔로 11 (청학동),032-833-2875,126.6611661,37.42782154,청학동
324,치과의원,두손치과의원,"인천광역시 연수구 독배로 41, 3층 (옥련동, 인영상가)",032-833-2275,126.6443535,37.42442552,옥련동
325,치과의원,연세커낼치과의원,"인천광역시 연수구 아트센터대로 149, 102동 212호 (송도동, 커낼워크D1 SPRING)",032-833-2804,126.6359002,37.39798773,송도동
326,치과의원,오즈치과교정과치과의원,"인천광역시 연수구 신송로 161, 송도 하이츠 807호 (송도동)",032-833-2882,126.6484391,37.39759467,송도동
327,치과의원,송도나음치과의원,"인천광역시 연수구 아트센터대로168번길 100, 한라 웨스턴파크 송도 F동 235호 (송도동)",032-833-2828,126.6286013,37.40580028,송도동
328,치과의원,청학치과의원,"인천광역시 연수구 비류대로294번길 32-5, 2층 (청학동, 신우상가)",032-833-4146,126.6660034,37.42467129,청학동
329,치과의원,연세바른이치과의원,"인천광역시 연수구 하모니로36번길 1, 2층 (송도동, 자인갤러리)",032-833-5552,126.6512508,37.39158932,송도동
330,치과의원,굿모닝치과의원,"인천광역시 연수구 독배로40번길 47, 2층 (옥련동)",032-833-7528,126.6475313,37.42460261,옥련동
331,치과의원,뿌리애치과의원,"인천광역시 연수구 하모니로 124, 5층 503호 (송도동, 송도타운)",032-833-2833,126.6451683,37.38566415,송도동
332,치과의원,달콤어린이치과의원,"인천광역시 연수구 컨벤시아대로230번길 54, 415,416호 (송도동)",032-833-8279,126.6343345,37.38874008,송도동
333,치과의원,이든치과의원,"인천광역시 연수구 한나루로 190, 3층 (옥련동, 송도프라자)",032-834-2875,126.6569118,37.42625897,옥련동
334,치과의원,뿌리샘치과의원,인천광역시 연수구 청량로 180 (옥련동),032-834-0428,126.6533085,37.4230262,옥련동
335,치과의원,포레스트치과의원,"인천광역시 연수구 해돋이로 165, 차오름 프라자 404호 (송도동)",032-833-7573,126.6450899,37.39474475,송도동
336,치과의원,송도위드치과의원,"인천광역시 연수구 신송로 166, 303호 (송도동, 플러스원프라자)",032-834-7522,126.6484564,37.39843847,송도동
337,치과의원,연치과의원,"인천광역시 연수구 용담로 11, 시대아파트 상가 201호 (청학동)",032-834-0815,126.6691275,37.42147906,청학동
338,치과의원,미추홀치과의원,"인천광역시 연수구 한진로 23, 4층 401호 (옥련동, 로얄프라자)",032-834-7528,126.6478392,37.42466432,옥련동
339,치과의원,박성철그리고치과의원,"인천광역시 연수구 신송로 153, 더 마란츠타워 310호 (송도동)",032-834-7575,126.64915,37.39716984,송도동
340,치과의원,예스플란트송도우리치과의원,"인천광역시 연수구 해돋이로 107, 61,62호 (송도동, 송도더샵퍼스트월드 H동)",032-835-6875,126.648814,37.38960595,송도동
341,치과의원,송도스마일치과의원,"인천광역시 연수구 컨벤시아대로230번길 42, 송도아라플라자 311호 (송도동)",032-834-2070,126.6349141,37.38808543,송도동
342,치과의원,김태건치과의원,"인천광역시 연수구 해돋이로 168-2, 301호 (송도동)",032-851-2828,126.6456783,37.3950122,송도동
343,치과의원,센트럴D＆D치과의원,"인천광역시 연수구 센트럴로 232, A동 211호 (송도동)",032-858-2275,126.6375683,37.39636124,송도동
344,치과의원,이종훈치과교정과치과의원,"인천광역시 연수구 센트럴로 194, A동 225호 (송도동, 더샵 센트럴파크2)",032-851-2879,126.6418738,37.39378585,송도동
345,치과의원,신세계정치과의원,"인천광역시 연수구 센트럴로 160, 101동 208호 (송도동, 송도센트럴파크푸르지오)",032-851-2082,126.644994,37.39200033,송도동
346,치과의원,서울고운이치과의원,"인천광역시 연수구 독배로40번길 29, 5층 (옥련동, 대성빌딩)",032-851-8876,126.6465752,37.42450107,옥련동
347,치과의원,서울미시간치과의원,"인천광역시 연수구 신송로 153, 더 마란츠타워 404호,405일부호, 406일부호 (송도동)",032-858-2280,126.64915,37.39716984,송도동
348,치과의원,송도드림치과의원,"인천광역시 연수구 신송로 122, 304호 (송도동, 송도프라자)",032-858-2800,126.6524353,37.39581436,송도동
349,치과의원,오케이치과의원,"인천광역시 연수구 신송로 121, 402호 (송도동, 센타프라자)",032-858-2828,126.6518858,37.3953922,송도동
350,치과의원,뉴욕치과의원,"인천광역시 연수구 신송로125번길 7, 406호 (송도동, 이리옴프라자)",032-858-9678,126.6515588,37.39494818,송도동
351,치과의원,서울플란트치과의원,"인천광역시 연수구 신송로 121, 404호 (송도동, 센타프라자)",032-858-2255,126.6518858,37.3953922,송도동
352,치과의원,제이치과의원,"인천광역시 연수구 신송로 161, 송도 하이츠 205호 (송도동)",032-859-0700,126.6484391,37.39759467,송도동
353,한의원,약선당 부부한의원,"인천광역시 연수구 먼우금로 190, 연수프라자 203,207,208호 (연수동)",032-233-1075,126.6767146,37.4140527,연수동
354,치과의원,연세세이브치과의원,"인천광역시 연수구 컨벤시아대로230번길 42, 송도아라플라자 204호 (송도동)",032-859-7528,126.6349141,37.38808543,송도동
355,치과의원,랜더스치과의원,"인천광역시 연수구 컨벤시아대로230번길 54, 닥터플러스몰 6층 A609,A610,A611,A612,A613호 (송도동)",032-859-0028,126.6343345,37.38874008,송도동
356,치과의원,황치일치과교정과치과의원,"인천광역시 연수구 테크노파크로111번길 15, 일셋빌딩 6층 (송도동)",032-868-2077,126.6438341,37.38497577,송도동
357,한의원,이레한의원,"인천광역시 연수구 신송로 161, 송도 하이츠 301,302호 (송도동)",032-258-1075,126.6484391,37.39759467,송도동
358,한의원,송도세명한의원,"인천광역시 연수구 인천타워대로54번길 15-5, 301호 (송도동, 송도북일프라자)",032-435-9700,126.6460209,37.37940227,송도동
359,한의원,아이누리한의원,"인천광역시 연수구 송도국제대로 157, 오네스타 401호, 402호 (송도동)",032-464-8575,126.656664,37.38094155,송도동
360,한의원,건강드림한의원,"인천광역시 연수구 송도문화로28번길 28, 204동 202호 (송도동, 글로벌캠퍼스푸르지오상가)",032-463-7588,126.6558312,37.3770832,송도동
361,한의원,인천송도 더율한의원,인천광역시 연수구 컨벤시아대로 81 (송도동),032-215-1075,126.6501653,37.39494268,송도동
362,한의원,아레나한의원,"인천광역시 연수구 해돋이로151번길 4, 304호 (송도동)",032-721-7580,126.6460059,37.39401677,송도동
363,한의원,동풍한의원,"인천광역시 연수구 앵고개로264번길 30-3 (동춘동,영창빌딩 3층)",032-812-5003,126.6714993,37.40669546,동춘동
364,한의원,메디컬오한의원,"인천광역시 연수구 하모니로 158, 송도타임스페이스 B동 506-509호 (송도동)",032-721-7878,126.6421469,37.38419018,송도동
365,한의원,자윤한의원,"인천광역시 연수구 신송로 153, 더 마란츠타워 607호 (송도동)",032-721-8200,126.64915,37.39716984,송도동
366,한의원,정기용한의원,"인천광역시 연수구 앵고개로246번길 10, 303호 (동춘동, 대산프라자)",032-812-5252,126.6706046,37.40841618,동춘동
367,한의원,자연한의원,"인천광역시 연수구 송도문화로28번길 28, 203동 215호 (송도동, 송도글로벌캠퍼스푸르지오)",032-719-7582,126.6558312,37.3770832,송도동
368,한의원,연수백세한의원,"인천광역시 연수구 원인재로 310, 경남아파트 상가 (연수동)",032-813-1275,126.6939161,37.42103687,연수동
369,한의원,김종욱한의원,"인천광역시 연수구 원인재로 88, 201호 (동춘동, 대우삼환아파트상가)",032-812-8048,126.6800838,37.40699507,동춘동
370,한의원,박정식한의원,"인천광역시 연수구 앵고개로 262, 3층 303호 (동춘동, 동경빌딩)",032-813-0074,126.6725576,37.40749426,동춘동
371,한의원,맑은샘한의원,"인천광역시 연수구 용담로 153, 402호 (연수동, 대동월드스포츠센터)",032-813-8338,126.681403,37.41327765,연수동
372,한의원,365송도경희한의원,"인천광역시 연수구 센트럴로 415, 힐스테이트 송도 더테라스 250,251호 (송도동)",032-721-8575,126.627633,37.41050721,송도동
373,한의원,경희랜드마크한의원,"인천광역시 연수구 랜드마크로 68, 222,223,224,225,228,229호 (송도동, 랜드마크시티센트럴더샵)",032-814-7575,126.6212329,37.41563898,송도동
374,한의원,박병선한의원,"인천광역시 연수구 해돋이로120번길 16 (송도동, 송도풍림아이원2단지아파트)",032-814-1075,126.6523864,37.39483785,송도동
375,한의원,세명한의원,인천광역시 연수구 샘말로62번길 20 (연수동),032-814-6288,126.680583,37.41323862,연수동
376,한의원,사암명인한의원,"인천광역시 연수구 앵고개로254번길 23, 1층 (동춘동)",032-815-1023,126.6710382,37.40725918,동춘동
377,한의원,해인당한의원,인천광역시 연수구 함박뫼로 68 (연수동),032-817-3111,126.675126,37.42252518,연수동
378,한의원,경희한의원,"인천광역시 연수구 선학로 101, 201,202호 (선학동, 뉴서울상가)",032-813-7582,126.7006293,37.42505293,선학동
379,한의원,동의보감한의원,"인천광역시 연수구 청능대로 103, 5층 (연수동, BYC빌딩)",032-815-9494,126.6762619,37.41364664,연수동
380,한의원,성성한의원,"인천광역시 연수구 용담로 115, 7층 (연수동, 파크타워)",032-817-0474,126.6778155,37.41511405,연수동
381,한의원,몸바로한의원,"인천광역시 연수구 인천타워대로 251, 홀리데이 인 인천송도호텔 호텔동 201호 (송도동)",032-818-1175,126.6328662,37.39313335,송도동
382,한의원,하나한의원,인천광역시 연수구 앵고개로264번길 30-4 (동춘동),032-814-6656,126.6718238,37.40682032,동춘동
383,한의원,남송한의원,인천광역시 연수구 먼우금로 88 (동춘동),032-818-9911,126.670366,37.40673078,동춘동
384,한의원,동인당한의원,인천광역시 연수구 앵고개로 256 (동춘동),032-818-1731,126.6720178,37.40783029,동춘동
385,한의원,김규식한의원,인천광역시 연수구 비류대로 429 (연수동),032-818-5131,126.6825029,37.42440707,연수동
386,한의원,신농씨한의원,인천광역시 연수구 먼우금로188번길 12 (연수동),032-819-1075,126.6765063,37.41341039,연수동
387,한의원,유승엽한의원,"인천광역시 연수구 앵고개로264번길 18 (동춘동, 정방빌딩)",032-819-9996,126.672156,37.40708764,동춘동
388,한의원,본디올경희한의원,인천광역시 연수구 앵고개로 250 (동춘동),032-818-1075,126.6715059,37.40818455,동춘동
389,한의원,둘리한의원,"인천광역시 연수구 앵고개로246번길 10, 5층 (동춘동, 대산프라자)",032-819-2279,126.6706046,37.40841618,동춘동
390,한의원,제중한의원,"인천광역시 연수구 원인재로 180, 307호 (연수동, 우성상가)",032-819-8889,126.6855598,37.41301342,연수동
391,한의원,새생명한의원,"인천광역시 연수구 용담로 11, 207호 (청학동, 시대아파트상가)",032-821-1075,126.6691275,37.42147906,청학동
392,한의원,우소세강한의원,"인천광역시 연수구 앵고개로 266, 한양2차아파트(롯데슈퍼) A동 2층 8호 (동춘동)",032-822-5757,126.6728198,37.40697151,동춘동
393,한의원,다산한의원,"인천광역시 연수구 학나래로118번길 9, 209, 210호 (선학동, 선학프라자)",032-818-7582,126.6984687,37.42799023,선학동
394,한의원,센트럴숲한의원,"인천광역시 연수구 송도국제대로 261, 2층 (송도동, 송도 더샵 센트럴시티)",032-821-1175,126.6531653,37.37435195,송도동
395,한의원,경희나라한의원,"인천광역시 연수구 청능대로 93, 5층 (청학동)",032-821-7582,126.6756664,37.41431941,청학동
396,한의원,하얀마음한의원,"인천광역시 연수구 먼우금로 194, 2층 (연수동)",032-822-7003,126.6769905,37.41433314,연수동
397,한의원,김상호한의원,"인천광역시 연수구 컨벤시아대로130번길 14 (송도동, 송도 메디컬타워)",032-831-1022,126.6448883,37.392955,송도동
398,한의원,동춘당한의원,"인천광역시 연수구 앵고개로264번길 10-1, 아촌빌딩 2층 (동춘동)",032-821-0070,126.6722791,37.40719577,동춘동
399,한의원,스마일한의원,"인천광역시 연수구 앵고개로 260, 맘모스빌딩 304~313호 (동춘동)",032-822-7582,126.6722913,37.40766546,동춘동
400,한의원,봄한의원,"인천광역시 연수구 독배로 42, 2층 (옥련동)",032-831-0500,126.6449035,37.42451603,옥련동
401,한의원,지씨한의원,"인천광역시 연수구 해돋이로 168-5, 2층 (송도동, 송정프라자)",032-831-1080,126.6454458,37.39568564,송도동
402,한의원,택한의원,"인천광역시 연수구 청학로12번길 3, 2층 (청학동)",032-831-9492,126.6636561,37.42817538,청학동
403,한의원,캠퍼스타운한의원,"인천광역시 연수구 송도과학로27번길 55, A동 301, 302호 (송도동, 캠퍼스타운애비뉴상가)",032-822-1075,126.6642625,37.38803691,송도동
404,한의원,울림한의원,"인천광역시 연수구 해돋이로 168-2, 307호 (송도동)",032-831-3652,126.6456783,37.3950122,송도동
405,한의원,편안한한의원,"인천광역시 연수구 신송로 122, 송도프라자 310호 (송도동)",032-831-2375,126.6524353,37.39581436,송도동
406,한의원,달임채한의원,"인천광역시 연수구 인천타워대로54번길 3, 메트로프라자 305호 (송도동)",032-832-0675,126.6456371,37.37853419,송도동
407,한의원,인아당한의원,"인천광역시 연수구 신송로125번길 13, 아크리아 409호 (송도동)",032-832-4811,126.6511829,37.39456511,송도동
408,한의원,센트럴파크 한의원,"인천광역시 연수구 인천타워대로 257, 아트포레 415,416호 (송도동)",032-831-1075,126.6321878,37.39351506,송도동
409,한의원,원당한의원,"인천광역시 연수구 해돋이로 161, 204호 (송도동, 세종프라자)",032-832-1075,126.6453716,37.39450703,송도동
410,한의원,옥련한의원,인천광역시 연수구 한진로25번길 4 (옥련동),032-832-2500,126.6477523,37.42494672,옥련동
411,한의원,서명원한의원,인천광역시 연수구 한나루로 182 (옥련동),032-833-0658,126.6564962,37.42548625,옥련동
412,한의원,주행경희한의원,인천광역시 연수구 청량로 188 (옥련동),032-834-0675,126.6530047,37.42350986,옥련동
413,한의원,인천송도리아한의원,"인천광역시 연수구 해돋이로 107, 58~60호 (송도동, 더샵퍼스트월드h동)",032-831-4975,126.648814,37.38960595,송도동
414,한의원,청송한의원,"인천광역시 연수구 독배로 55, 3층 (옥련동)",032-833-7581,126.6443501,37.42567206,옥련동
415,한의원,경희약손한의원,"인천광역시 연수구 비류대로256번길 8-14, 1층 (청학동, 청학프라자)",032-833-1075,126.6626939,37.42667233,청학동
416,한의원,백록담한의원,"인천광역시 연수구 컨벤시아대로 81 (송도동, 드림시티 325호, 326호)",032-851-1075,126.6501653,37.39494268,송도동
417,한의원,지인한의원,"인천광역시 연수구 컨벤시아대로 69, 307호 (송도동, 밀레니엄프라자)",032-834-1075,126.6509557,37.39571542,송도동
418,한의원,해아림한의원,"인천광역시 연수구 신송로 153, 더 마란츠타워 507호 (송도동)",032-832-7510,126.64915,37.39716984,송도동
419,한의원,고려한의원,인천광역시 연수구 독배로40번길 47 (옥련동),032-834-1110,126.6475313,37.42460261,옥련동
420,한의원,송도함소아한의원,"인천광역시 연수구 해돋이로 107, H동 69,70호 (송도동, 더샵퍼스트월드상가)",032-835-7582,126.648814,37.38960595,송도동
421,한의원,제일한의원,"인천광역시 연수구 한진로 23, 2층 (옥련동, 로얄프라자)",032-833-8875,126.6478392,37.42466432,옥련동
422,한의원,청담한의원,"인천광역시 연수구 신송로 121, 401호 (송도동, 센타프라자)",032-851-7527,126.6518858,37.3953922,송도동
423,한의원,소통부부한의원,"인천광역시 연수구 신송로 164, 501호 (송도동)",032-858-3375,126.6488325,37.39820953,송도동
424,한의원,화평한의원,"인천광역시 연수구 독배로40번길 11, 효명프라자 601호 (옥련동)",032-851-8300,126.6456358,37.42452763,옥련동
425,한의원,코스비한의원,"인천광역시 연수구 해돋이로 116, 3층 (송도동, 센트럴프라자)",032-851-7582,126.6497645,37.392215,송도동
426,한의원,사랑한의원,"인천광역시 연수구 독배로40번길 29, 202호 (옥련동)",032-859-3800,126.6465752,37.42450107,옥련동
427,한의원,어울림한의원,"인천광역시 연수구 신송로125번길 7, 301-1호 (송도동, 이리옴프라자)",032-858-8275,126.6515588,37.39494818,송도동
428,한의원,이솜한의원,"인천광역시 연수구 컨벤시아대로230번길 42, 송도아라플라자 2층 207호 (송도동)",032-858-7575,126.6349141,37.38808543,송도동
429,한의원,둘리옥련한의원,"인천광역시 연수구 독배로40번길 35, 5층 (옥련동, 대명상가)",032-851-2275,126.6468293,37.42462008,옥련동
430,한의원,송도본한의원,"인천광역시 연수구 해돋이로 165, 차오름 프라자 3층 303호 (송도동)",032-859-1919,126.6450899,37.39474475,송도동
431,한의원,송도단비한의원,"인천광역시 연수구 센트럴로 194, C2동 216,217호 (송도동, 더샵 센트럴파크2)",032-858-1075,126.6418738,37.39378585,송도동
432,한의원,더경희한의원,"인천광역시 연수구 해돋이로 168-2, 306호 (송도동)",032-862-4599,126.6456783,37.3950122,송도동
433,한의원,경희다인한의원,"인천광역시 연수구 인천타워대로54번길 9 (송도동,에몬스프라자빌딩 3층 304호)",032-859-5544,126.6459726,37.37898729,송도동
434,한의원,스마트한의원,"인천광역시 연수구 송도미래로 30, 송도 BRC 스마트밸리 지식산업센터 (송도동)",070-4680-7060,126.6490966,37.36728943,송도동
